Vehicle_ID,Vehicle_Global_Index,Production_Day,Shift,Unit_In_Shift,Vehicle_Model,Model_Complexity_Factor,Primary_Operator_ID,Shift_Start_Timestamp,Station_12_Temperature_Signal,Station_15_Vibration_Signal,Latent_Defect_Probability,End_of_Line_Quality,Root_Cause_Label,Delayed_Defect_Detection_Station
VH-00001,0,1,A,1,Compact,0.94,OP-A06,2026-08-30 06:00:00,39.165,1.925,0.03114,Pass,NONE,
VH-00002,1,1,A,2,SUV,1.08,OP-A04,2026-08-30 06:00:00,38.512,2.18,0.03019,Pass,NONE,
VH-00003,2,1,A,3,Sedan,1.0,OP-A03,2026-08-30 06:00:00,40.942,1.944,0.01871,Pass,NONE,
VH-00004,3,1,A,4,SUV,1.08,OP-A01,2026-08-30 06:00:00,40.385,1.773,0.03678,Pass,NONE,
VH-00005,4,1,A,5,SUV,1.08,OP-A03,2026-08-30 06:00:00,39.428,2.311,0.02798,Pass,NONE,
VH-00006,5,1,A,6,SUV,1.08,OP-A03,2026-08-30 06:00:00,39.84,2.064,0.03993,Pass,NONE,
VH-00007,6,1,A,7,Sedan,1.0,OP-A07,2026-08-30 06:00:00,39.295,1.687,0.02387,Pass,NONE,
VH-00008,7,1,A,8,Compact,0.94,OP-A01,2026-08-30 06:00:00,39.526,2.204,0.03222,Pass,NONE,
VH-00009,8,1,A,9,Sedan,1.0,OP-A05,2026-08-30 06:00:00,38.213,2.284,0.03625,Pass,NONE,
VH-00010,9,1,A,10,Sedan,1.0,OP-A07,2026-08-30 06:00:00,38.909,2.233,0.03573,Pass,NONE,
VH-00011,10,1,A,11,Compact,0.94,OP-A02,2026-08-30 06:00:00,39.968,2.166,0.02983,Pass,NONE,
VH-00012,11,1,A,12,Sedan,1.0,OP-A02,2026-08-30 06:00:00,39.739,1.761,0.02709,Pass,NONE,
VH-00013,12,1,A,13,Compact,0.94,OP-A07,2026-08-30 06:00:00,39.141,2.012,0.02104,Pass,NONE,
VH-00014,13,1,A,14,SUV,1.08,OP-A05,2026-08-30 06:00:00,39.268,2.135,0.02973,Pass,NONE,
VH-00015,14,1,A,15,Compact,0.94,OP-A07,2026-08-30 06:00:00,40.295,2.383,0.0318,Pass,NONE,
VH-00016,15,1,A,16,Sedan,1.0,OP-A03,2026-08-30 06:00:00,39.797,2.276,0.03544,Pass,NONE,
VH-00017,16,1,A,17,SUV,1.08,OP-A07,2026-08-30 06:00:00,39.8,2.051,0.03147,Pass,NONE,
VH-00018,17,1,A,18,Sedan,1.0,OP-A05,2026-08-30 06:00:00,39.598,2.298,0.04144,Pass,NONE,
VH-00019,18,1,A,19,Sedan,1.0,OP-A03,2026-08-30 06:00:00,38.713,2.089,0.02517,Pass,NONE,
VH-00020,19,1,A,20,Truck,1.14,OP-A08,2026-08-30 06:00:00,39.596,1.879,0.03986,Pass,NONE,
VH-00021,20,1,A,21,Compact,0.94,OP-A05,2026-08-30 06:00:00,39.468,2.085,0.02568,Pass,NONE,
VH-00022,21,1,A,22,Compact,0.94,OP-A05,2026-08-30 06:00:00,39.63,2.163,0.04259,Pass,NONE,
VH-00023,22,1,A,23,SUV,1.08,OP-A06,2026-08-30 06:00:00,39.53,2.365,0.03267,Pass,NONE,
VH-00024,23,1,A,24,SUV,1.08,OP-A07,2026-08-30 06:00:00,39.915,2.038,0.03615,Pass,NONE,
VH-00025,24,1,A,25,Sedan,1.0,OP-A08,2026-08-30 06:00:00,41.163,2.156,0.02779,Pass,NONE,
VH-00026,25,1,A,26,Compact,0.94,OP-A05,2026-08-30 06:00:00,39.242,2.366,0.03776,Pass,NONE,
VH-00027,26,1,A,27,Sedan,1.0,OP-A04,2026-08-30 06:00:00,38.846,2.075,0.03203,Pass,NONE,
VH-00028,27,1,A,28,Sedan,1.0,OP-A06,2026-08-30 06:00:00,39.344,1.989,0.03349,Fail,LOW_CONFIDENCE_MULTI_CAUSAL,ST-45
VH-00029,28,1,A,29,Compact,0.94,OP-A08,2026-08-30 06:00:00,39.759,1.968,0.03353,Pass,NONE,
VH-00030,29,1,A,30,Compact,0.94,OP-A02,2026-08-30 06:00:00,40.235,2.0,0.04581,Pass,NONE,
VH-00031,30,1,A,31,SUV,1.08,OP-A03,2026-08-30 06:00:00,39.794,1.912,0.03229,Pass,NONE,
VH-00032,31,1,A,32,Compact,0.94,OP-A07,2026-08-30 06:00:00,38.891,1.67,0.04203,Pass,NONE,
VH-00033,32,1,A,33,SUV,1.08,OP-A01,2026-08-30 06:00:00,38.008,1.773,0.03713,Pass,NONE,
VH-00034,33,1,A,34,Compact,0.94,OP-A06,2026-08-30 06:00:00,39.442,2.167,0.02172,Pass,NONE,
VH-00035,34,1,A,35,SUV,1.08,OP-A05,2026-08-30 06:00:00,39.293,1.759,0.03435,Pass,NONE,
VH-00036,35,1,A,36,Sedan,1.0,OP-A05,2026-08-30 06:00:00,40.782,1.911,0.03018,Pass,NONE,
VH-00037,36,1,A,37,SUV,1.08,OP-A01,2026-08-30 06:00:00,41.508,1.78,0.04095,Pass,NONE,
VH-00038,37,1,A,38,SUV,1.08,OP-A08,2026-08-30 06:00:00,38.64,2.108,0.04569,Pass,NONE,
VH-00039,38,1,A,39,Sedan,1.0,OP-A05,2026-08-30 06:00:00,38.22,1.99,0.03082,Pass,NONE,
VH-00040,39,1,A,40,SUV,1.08,OP-A06,2026-08-30 06:00:00,40.206,2.093,0.04053,Pass,NONE,
VH-00041,40,1,A,41,Sedan,1.0,OP-A07,2026-08-30 06:00:00,39.312,2.077,0.03369,Pass,NONE,
VH-00042,41,1,A,42,SUV,1.08,OP-A05,2026-08-30 06:00:00,39.223,1.768,0.04218,Pass,NONE,
VH-00043,42,1,A,43,SUV,1.08,OP-A04,2026-08-30 06:00:00,39.173,1.984,0.02693,Pass,NONE,
VH-00044,43,1,A,44,Compact,0.94,OP-A02,2026-08-30 06:00:00,39.188,1.834,0.02396,Pass,NONE,
VH-00045,44,1,A,45,Compact,0.94,OP-A01,2026-08-30 06:00:00,40.06,1.961,0.02576,Pass,NONE,
VH-00046,45,1,A,46,SUV,1.08,OP-A05,2026-08-30 06:00:00,40.216,2.219,0.03408,Pass,NONE,
VH-00047,46,1,A,47,Sedan,1.0,OP-A07,2026-08-30 06:00:00,39.641,2.113,0.03579,Pass,NONE,
VH-00048,47,1,A,48,Sedan,1.0,OP-A07,2026-08-30 06:00:00,40.892,2.142,0.0321,Pass,NONE,
VH-00049,48,1,A,49,Compact,0.94,OP-A06,2026-08-30 06:00:00,39.411,2.065,0.03087,Pass,NONE,
VH-00050,49,1,A,50,Compact,0.94,OP-A07,2026-08-30 06:00:00,40.021,2.324,0.02985,Pass,NONE,
VH-00051,50,1,A,51,SUV,1.08,OP-A07,2026-08-30 06:00:00,38.053,2.186,0.03434,Pass,NONE,
VH-00052,51,1,A,52,SUV,1.08,OP-A07,2026-08-30 06:00:00,39.847,2.273,0.03798,Pass,NONE,
VH-00053,52,1,A,53,SUV,1.08,OP-A08,2026-08-30 06:00:00,39.704,2.305,0.05205,Fail,MANUAL_FIT_CHECK_VARIATION,ST-45
VH-00054,53,1,A,54,SUV,1.08,OP-A01,2026-08-30 06:00:00,40.724,2.14,0.02996,Pass,NONE,
VH-00055,54,1,A,55,Truck,1.14,OP-A08,2026-08-30 06:00:00,39.426,2.218,0.05339,Pass,NONE,
VH-00056,55,1,A,56,Sedan,1.0,OP-A02,2026-08-30 06:00:00,39.696,1.796,0.03075,Pass,NONE,
VH-00057,56,1,A,57,Sedan,1.0,OP-A01,2026-08-30 06:00:00,39.12,1.939,0.03707,Pass,NONE,
VH-00058,57,1,A,58,Sedan,1.0,OP-A03,2026-08-30 06:00:00,39.93,1.789,0.03364,Pass,NONE,
VH-00059,58,1,A,59,Compact,0.94,OP-A07,2026-08-30 06:00:00,40.066,2.161,0.02949,Pass,NONE,
VH-00060,59,1,A,60,SUV,1.08,OP-A05,2026-08-30 06:00:00,40.638,1.819,0.0306,Pass,NONE,
VH-00061,60,1,A,61,SUV,1.08,OP-A06,2026-08-30 06:00:00,38.948,2.027,0.03804,Pass,NONE,
VH-00062,61,1,A,62,Compact,0.94,OP-A08,2026-08-30 06:00:00,39.148,2.173,0.02633,Pass,NONE,
VH-00063,62,1,A,63,Sedan,1.0,OP-A01,2026-08-30 06:00:00,40.069,2.082,0.03488,Pass,NONE,
VH-00064,63,1,A,64,Compact,0.94,OP-A07,2026-08-30 06:00:00,39.393,1.839,0.03489,Pass,NONE,
VH-00065,64,1,A,65,Sedan,1.0,OP-A08,2026-08-30 06:00:00,38.976,2.252,0.0299,Pass,NONE,
VH-00066,65,1,A,66,Sedan,1.0,OP-A06,2026-08-30 06:00:00,39.611,2.262,0.03308,Pass,NONE,
VH-00067,66,1,A,67,Compact,0.94,OP-A06,2026-08-30 06:00:00,39.868,1.877,0.0399,Pass,NONE,
VH-00068,67,1,A,68,Compact,0.94,OP-A06,2026-08-30 06:00:00,39.593,2.044,0.0334,Pass,NONE,
VH-00069,68,1,A,69,SUV,1.08,OP-A08,2026-08-30 06:00:00,39.532,2.17,0.03106,Pass,NONE,
VH-00070,69,1,A,70,Truck,1.14,OP-A05,2026-08-30 06:00:00,40.403,2.477,0.04859,Pass,NONE,
VH-00071,70,1,A,71,Sedan,1.0,OP-A04,2026-08-30 06:00:00,38.815,1.887,0.02845,Pass,NONE,
VH-00072,71,1,A,72,SUV,1.08,OP-A05,2026-08-30 06:00:00,38.994,2.355,0.02896,Pass,NONE,
VH-00073,72,1,A,73,Compact,0.94,OP-A01,2026-08-30 06:00:00,39.833,2.377,0.02872,Pass,NONE,
VH-00074,73,1,A,74,SUV,1.08,OP-A01,2026-08-30 06:00:00,37.515,2.348,0.04111,Pass,NONE,
VH-00075,74,1,A,75,SUV,1.08,OP-A04,2026-08-30 06:00:00,38.914,1.625,0.04077,Pass,NONE,
VH-00076,75,1,B,1,Compact,0.94,OP-B04,2026-08-30 14:30:00,40.467,2.012,0.03932,Pass,NONE,
VH-00077,76,1,B,2,Compact,0.94,OP-B06,2026-08-30 14:30:00,38.586,2.089,0.02559,Pass,NONE,
VH-00078,77,1,B,3,Compact,0.94,OP-B08,2026-08-30 14:30:00,40.79,1.928,0.02165,Pass,NONE,
VH-00079,78,1,B,4,Compact,0.94,OP-B02,2026-08-30 14:30:00,40.454,2.125,0.03065,Pass,NONE,
VH-00080,79,1,B,5,Sedan,1.0,OP-B05,2026-08-30 14:30:00,40.208,1.97,0.02313,Pass,NONE,
VH-00081,80,1,B,6,Compact,0.94,OP-B02,2026-08-30 14:30:00,41.414,2.23,0.03172,Pass,NONE,
VH-00082,81,1,B,7,Compact,0.94,OP-B07,2026-08-30 14:30:00,40.434,2.144,0.03387,Pass,NONE,
VH-00083,82,1,B,8,Sedan,1.0,OP-B05,2026-08-30 14:30:00,40.713,2.254,0.02457,Pass,NONE,
VH-00084,83,1,B,9,Compact,0.94,OP-B05,2026-08-30 14:30:00,39.81,2.316,0.02724,Pass,NONE,
VH-00085,84,1,B,10,Sedan,1.0,OP-B02,2026-08-30 14:30:00,41.07,2.011,0.03112,Pass,NONE,
VH-00086,85,1,B,11,SUV,1.08,OP-B02,2026-08-30 14:30:00,41.182,1.958,0.03396,Pass,NONE,
VH-00087,86,1,B,12,SUV,1.08,OP-B08,2026-08-30 14:30:00,40.355,1.937,0.03902,Pass,NONE,
VH-00088,87,1,B,13,Compact,0.94,OP-B06,2026-08-30 14:30:00,39.103,2.1,0.02863,Pass,NONE,
VH-00089,88,1,B,14,Sedan,1.0,OP-B06,2026-08-30 14:30:00,41.292,2.042,0.02596,Pass,NONE,
VH-00090,89,1,B,15,Truck,1.14,OP-B03,2026-08-30 14:30:00,40.475,2.288,0.03925,Pass,NONE,
VH-00091,90,1,B,16,SUV,1.08,OP-B02,2026-08-30 14:30:00,40.434,1.834,0.03349,Pass,NONE,
VH-00092,91,1,B,17,Compact,0.94,OP-B02,2026-08-30 14:30:00,40.637,2.129,0.03537,Pass,NONE,
VH-00093,92,1,B,18,Compact,0.94,OP-B01,2026-08-30 14:30:00,40.34,2.092,0.03126,Pass,NONE,
VH-00094,93,1,B,19,Sedan,1.0,OP-B02,2026-08-30 14:30:00,40.105,2.07,0.039,Pass,NONE,
VH-00095,94,1,B,20,SUV,1.08,OP-B02,2026-08-30 14:30:00,39.887,1.903,0.04121,Pass,NONE,
VH-00096,95,1,B,21,Compact,0.94,OP-B04,2026-08-30 14:30:00,40.311,2.05,0.0334,Pass,NONE,
VH-00097,96,1,B,22,SUV,1.08,OP-B02,2026-08-30 14:30:00,39.872,2.362,0.02988,Pass,NONE,
VH-00098,97,1,B,23,Compact,0.94,OP-B07,2026-08-30 14:30:00,40.561,2.043,0.03915,Pass,NONE,
VH-00099,98,1,B,24,Compact,0.94,OP-B03,2026-08-30 14:30:00,40.503,2.204,0.03442,Pass,NONE,
VH-00100,99,1,B,25,SUV,1.08,OP-B05,2026-08-30 14:30:00,40.722,2.198,0.04124,Pass,NONE,
VH-00101,100,1,B,26,SUV,1.08,OP-B04,2026-08-30 14:30:00,40.731,1.625,0.0459,Pass,NONE,
VH-00102,101,1,B,27,Truck,1.14,OP-B03,2026-08-30 14:30:00,40.812,1.964,0.04999,Pass,NONE,
VH-00103,102,1,B,28,Sedan,1.0,OP-B08,2026-08-30 14:30:00,39.587,1.613,0.03646,Pass,NONE,
VH-00104,103,1,B,29,Truck,1.14,OP-B01,2026-08-30 14:30:00,39.58,2.26,0.04552,Fail,LOW_CONFIDENCE_MULTI_CAUSAL,ST-45
VH-00105,104,1,B,30,Truck,1.14,OP-B06,2026-08-30 14:30:00,39.428,1.973,0.03663,Pass,NONE,
VH-00106,105,1,B,31,Compact,0.94,OP-B08,2026-08-30 14:30:00,40.422,2.06,0.02712,Pass,NONE,
VH-00107,106,1,B,32,Compact,0.94,OP-B01,2026-08-30 14:30:00,41.476,2.296,0.03681,Pass,NONE,
VH-00108,107,1,B,33,Sedan,1.0,OP-B05,2026-08-30 14:30:00,40.675,2.187,0.0345,Pass,NONE,
VH-00109,108,1,B,34,Sedan,1.0,OP-B04,2026-08-30 14:30:00,40.735,2.045,0.02745,Pass,NONE,
VH-00110,109,1,B,35,Compact,0.94,OP-B01,2026-08-30 14:30:00,40.668,2.237,0.03626,Pass,NONE,
VH-00111,110,1,B,36,Sedan,1.0,OP-B02,2026-08-30 14:30:00,40.773,1.909,0.02698,Pass,NONE,
VH-00112,111,1,B,37,Truck,1.14,OP-B07,2026-08-30 14:30:00,40.392,2.221,0.0496,Pass,NONE,
VH-00113,112,1,B,38,Truck,1.14,OP-B06,2026-08-30 14:30:00,38.405,2.178,0.03327,Pass,NONE,
VH-00114,113,1,B,39,Sedan,1.0,OP-B03,2026-08-30 14:30:00,39.063,2.435,0.03245,Pass,NONE,
VH-00115,114,1,B,40,SUV,1.08,OP-B04,2026-08-30 14:30:00,40.676,1.924,0.03644,Pass,NONE,
VH-00116,115,1,B,41,SUV,1.08,OP-B06,2026-08-30 14:30:00,40.01,1.62,0.04722,Pass,NONE,
VH-00117,116,1,B,42,Compact,0.94,OP-B04,2026-08-30 14:30:00,41.629,2.389,0.01906,Pass,NONE,
VH-00118,117,1,B,43,SUV,1.08,OP-B01,2026-08-30 14:30:00,39.701,1.993,0.0395,Pass,NONE,
VH-00119,118,1,B,44,SUV,1.08,OP-B08,2026-08-30 14:30:00,39.594,2.035,0.03688,Pass,NONE,
VH-00120,119,1,B,45,Sedan,1.0,OP-B07,2026-08-30 14:30:00,41.397,1.927,0.03517,Pass,NONE,
VH-00121,120,1,B,46,Sedan,1.0,OP-B08,2026-08-30 14:30:00,40.071,1.972,0.03551,Pass,NONE,
VH-00122,121,1,B,47,Sedan,1.0,OP-B02,2026-08-30 14:30:00,39.689,2.054,0.03731,Pass,NONE,
VH-00123,122,1,B,48,Sedan,1.0,OP-B03,2026-08-30 14:30:00,39.437,2.282,0.02627,Pass,NONE,
VH-00124,123,1,B,49,SUV,1.08,OP-B06,2026-08-30 14:30:00,39.41,1.923,0.03481,Pass,NONE,
VH-00125,124,1,B,50,Compact,0.94,OP-B04,2026-08-30 14:30:00,40.303,1.927,0.03037,Fail,LOW_CONFIDENCE_MULTI_CAUSAL,ST-45
VH-00126,125,1,B,51,SUV,1.08,OP-B01,2026-08-30 14:30:00,40.593,2.151,0.04038,Pass,NONE,
VH-00127,126,1,B,52,SUV,1.08,OP-B06,2026-08-30 14:30:00,40.725,2.115,0.03885,Pass,NONE,
VH-00128,127,1,B,53,Sedan,1.0,OP-B06,2026-08-30 14:30:00,40.393,2.097,0.03033,Pass,NONE,
VH-00129,128,1,B,54,Compact,0.94,OP-B04,2026-08-30 14:30:00,41.702,2.435,0.03381,Pass,NONE,
VH-00130,129,1,B,55,Sedan,1.0,OP-B04,2026-08-30 14:30:00,40.697,2.149,0.02379,Pass,NONE,
VH-00131,130,1,B,56,Sedan,1.0,OP-B06,2026-08-30 14:30:00,41.649,1.933,0.04434,Pass,NONE,
VH-00132,131,1,B,57,Compact,0.94,OP-B05,2026-08-30 14:30:00,40.575,1.933,0.03514,Pass,NONE,
VH-00133,132,1,B,58,Sedan,1.0,OP-B06,2026-08-30 14:30:00,39.977,2.077,0.03204,Pass,NONE,
VH-00134,133,1,B,59,Compact,0.94,OP-B07,2026-08-30 14:30:00,40.018,2.101,0.02841,Pass,NONE,
VH-00135,134,1,B,60,Sedan,1.0,OP-B05,2026-08-30 14:30:00,40.996,2.084,0.04425,Pass,NONE,
VH-00136,135,1,B,61,Sedan,1.0,OP-B04,2026-08-30 14:30:00,41.211,2.149,0.03165,Pass,NONE,
VH-00137,136,1,B,62,SUV,1.08,OP-B08,2026-08-30 14:30:00,40.072,2.076,0.0412,Pass,NONE,
VH-00138,137,1,B,63,Truck,1.14,OP-B07,2026-08-30 14:30:00,40.122,2.046,0.04518,Pass,NONE,
VH-00139,138,1,B,64,SUV,1.08,OP-B06,2026-08-30 14:30:00,40.333,2.205,0.02865,Pass,NONE,
VH-00140,139,1,B,65,SUV,1.08,OP-B05,2026-08-30 14:30:00,39.915,2.079,0.03401,Pass,NONE,
VH-00141,140,1,B,66,Sedan,1.0,OP-B02,2026-08-30 14:30:00,40.86,2.16,0.02596,Pass,NONE,
VH-00142,141,1,B,67,Sedan,1.0,OP-B02,2026-08-30 14:30:00,39.96,2.274,0.0246,Pass,NONE,
VH-00143,142,1,B,68,Sedan,1.0,OP-B02,2026-08-30 14:30:00,40.068,2.098,0.03741,Pass,NONE,
VH-00144,143,1,B,69,Truck,1.14,OP-B06,2026-08-30 14:30:00,40.34,2.169,0.03484,Pass,NONE,
VH-00145,144,1,B,70,SUV,1.08,OP-B08,2026-08-30 14:30:00,40.14,1.765,0.0427,Pass,NONE,
VH-00146,145,1,B,71,Sedan,1.0,OP-B06,2026-08-30 14:30:00,41.122,2.16,0.02834,Pass,NONE,
VH-00147,146,1,B,72,Truck,1.14,OP-B03,2026-08-30 14:30:00,40.631,1.822,0.04975,Pass,NONE,
VH-00148,147,1,B,73,SUV,1.08,OP-B03,2026-08-30 14:30:00,40.961,2.049,0.04144,Pass,NONE,
VH-00149,148,1,B,74,Compact,0.94,OP-B03,2026-08-30 14:30:00,40.389,2.461,0.01811,Pass,NONE,
VH-00150,149,1,B,75,Sedan,1.0,OP-B05,2026-08-30 14:30:00,39.342,2.068,0.03537,Pass,NONE,
VH-00151,150,2,A,1,Sedan,1.0,OP-A07,2026-08-31 06:00:00,38.931,1.946,0.03355,Pass,NONE,
VH-00152,151,2,A,2,Sedan,1.0,OP-A08,2026-08-31 06:00:00,39.809,2.202,0.02682,Pass,NONE,
VH-00153,152,2,A,3,Sedan,1.0,OP-A08,2026-08-31 06:00:00,39.507,2.12,0.03048,Pass,NONE,
VH-00154,153,2,A,4,Sedan,1.0,OP-A06,2026-08-31 06:00:00,39.324,2.308,0.0312,Pass,NONE,
VH-00155,154,2,A,5,Sedan,1.0,OP-A08,2026-08-31 06:00:00,38.394,2.079,0.03082,Pass,NONE,
VH-00156,155,2,A,6,Truck,1.14,OP-A04,2026-08-31 06:00:00,39.499,1.993,0.04049,Pass,NONE,
VH-00157,156,2,A,7,Sedan,1.0,OP-A06,2026-08-31 06:00:00,40.704,2.034,0.03012,Pass,NONE,
VH-00158,157,2,A,8,Compact,0.94,OP-A03,2026-08-31 06:00:00,39.479,2.49,0.03214,Pass,NONE,
VH-00159,158,2,A,9,Sedan,1.0,OP-A02,2026-08-31 06:00:00,39.883,1.77,0.03535,Pass,NONE,
VH-00160,159,2,A,10,SUV,1.08,OP-A06,2026-08-31 06:00:00,39.57,2.234,0.04593,Pass,NONE,
VH-00161,160,2,A,11,Sedan,1.0,OP-A01,2026-08-31 06:00:00,38.373,1.916,0.02972,Pass,NONE,
VH-00162,161,2,A,12,SUV,1.08,OP-A03,2026-08-31 06:00:00,39.194,1.895,0.03429,Pass,NONE,
VH-00163,162,2,A,13,Compact,0.94,OP-A03,2026-08-31 06:00:00,39.935,2.008,0.02916,Pass,NONE,
VH-00164,163,2,A,14,Compact,0.94,OP-A02,2026-08-31 06:00:00,39.786,2.212,0.02588,Pass,NONE,
VH-00165,164,2,A,15,SUV,1.08,OP-A01,2026-08-31 06:00:00,40.555,2.304,0.0282,Pass,NONE,
VH-00166,165,2,A,16,Sedan,1.0,OP-A04,2026-08-31 06:00:00,40.018,1.682,0.02922,Pass,NONE,
VH-00167,166,2,A,17,SUV,1.08,OP-A01,2026-08-31 06:00:00,38.477,2.049,0.04432,Pass,NONE,
VH-00168,167,2,A,18,Sedan,1.0,OP-A07,2026-08-31 06:00:00,39.487,2.336,0.02961,Pass,NONE,
VH-00169,168,2,A,19,Compact,0.94,OP-A05,2026-08-31 06:00:00,39.788,2.219,0.02519,Pass,NONE,
VH-00170,169,2,A,20,Compact,0.94,OP-A06,2026-08-31 06:00:00,39.241,2.366,0.0277,Pass,NONE,
VH-00171,170,2,A,21,SUV,1.08,OP-A06,2026-08-31 06:00:00,40.222,2.17,0.04841,Pass,NONE,
VH-00172,171,2,A,22,Compact,0.94,OP-A04,2026-08-31 06:00:00,38.579,2.076,0.02929,Pass,NONE,
VH-00173,172,2,A,23,SUV,1.08,OP-A07,2026-08-31 06:00:00,39.658,1.97,0.03294,Pass,NONE,
VH-00174,173,2,A,24,Sedan,1.0,OP-A08,2026-08-31 06:00:00,38.711,2.26,0.03631,Pass,NONE,
VH-00175,174,2,A,25,Compact,0.94,OP-A08,2026-08-31 06:00:00,40.489,1.928,0.02436,Pass,NONE,
VH-00176,175,2,A,26,Sedan,1.0,OP-A08,2026-08-31 06:00:00,39.288,1.869,0.0247,Pass,NONE,
VH-00177,176,2,A,27,SUV,1.08,OP-A04,2026-08-31 06:00:00,39.919,2.194,0.02704,Pass,NONE,
VH-00178,177,2,A,28,Compact,0.94,OP-A06,2026-08-31 06:00:00,40.529,2.113,0.02649,Pass,NONE,
VH-00179,178,2,A,29,Sedan,1.0,OP-A05,2026-08-31 06:00:00,39.6,2.186,0.0382,Pass,NONE,
VH-00180,179,2,A,30,Compact,0.94,OP-A04,2026-08-31 06:00:00,37.377,1.953,0.03223,Fail,LOW_CONFIDENCE_MULTI_CAUSAL,ST-45
VH-00181,180,2,A,31,Compact,0.94,OP-A03,2026-08-31 06:00:00,40.243,2.347,0.02962,Pass,NONE,
VH-00182,181,2,A,32,Sedan,1.0,OP-A02,2026-08-31 06:00:00,38.906,2.204,0.0227,Pass,NONE,
VH-00183,182,2,A,33,Sedan,1.0,OP-A03,2026-08-31 06:00:00,38.73,1.872,0.03772,Pass,NONE,
VH-00184,183,2,A,34,Truck,1.14,OP-A07,2026-08-31 06:00:00,39.672,2.098,0.0348,Pass,NONE,
VH-00185,184,2,A,35,Compact,0.94,OP-A01,2026-08-31 06:00:00,38.771,1.86,0.0237,Pass,NONE,
VH-00186,185,2,A,36,Sedan,1.0,OP-A05,2026-08-31 06:00:00,40.014,1.987,0.03178,Pass,NONE,
VH-00187,186,2,A,37,Compact,0.94,OP-A01,2026-08-31 06:00:00,39.632,1.804,0.03074,Pass,NONE,
VH-00188,187,2,A,38,SUV,1.08,OP-A06,2026-08-31 06:00:00,39.278,2.151,0.04888,Pass,NONE,
VH-00189,188,2,A,39,SUV,1.08,OP-A08,2026-08-31 06:00:00,38.656,1.924,0.03556,Pass,NONE,
VH-00190,189,2,A,40,SUV,1.08,OP-A03,2026-08-31 06:00:00,40.385,1.745,0.03352,Pass,NONE,
VH-00191,190,2,A,41,Truck,1.14,OP-A06,2026-08-31 06:00:00,38.952,2.013,0.04234,Pass,NONE,
VH-00192,191,2,A,42,Compact,0.94,OP-A02,2026-08-31 06:00:00,39.962,1.941,0.03038,Pass,NONE,
VH-00193,192,2,A,43,Sedan,1.0,OP-A04,2026-08-31 06:00:00,39.838,1.874,0.02664,Pass,NONE,
VH-00194,193,2,A,44,Compact,0.94,OP-A07,2026-08-31 06:00:00,39.164,2.003,0.02825,Pass,NONE,
VH-00195,194,2,A,45,Sedan,1.0,OP-A08,2026-08-31 06:00:00,39.327,1.777,0.03467,Pass,NONE,
VH-00196,195,2,A,46,Sedan,1.0,OP-A01,2026-08-31 06:00:00,39.546,2.065,0.03933,Pass,NONE,
VH-00197,196,2,A,47,Sedan,1.0,OP-A03,2026-08-31 06:00:00,38.711,1.786,0.03481,Pass,NONE,
VH-00198,197,2,A,48,SUV,1.08,OP-A08,2026-08-31 06:00:00,37.918,2.305,0.04867,Pass,NONE,
VH-00199,198,2,A,49,Truck,1.14,OP-A04,2026-08-31 06:00:00,39.702,2.119,0.02966,Pass,NONE,
VH-00200,199,2,A,50,SUV,1.08,OP-A01,2026-08-31 06:00:00,40.205,2.164,0.03476,Pass,NONE,
VH-00201,200,2,A,51,SUV,1.08,OP-A03,2026-08-31 06:00:00,39.261,2.065,0.0328,Pass,NONE,
VH-00202,201,2,A,52,Compact,0.94,OP-A04,2026-08-31 06:00:00,39.978,2.582,0.0272,Pass,NONE,
VH-00203,202,2,A,53,Truck,1.14,OP-A02,2026-08-31 06:00:00,40.005,1.914,0.04091,Pass,NONE,
VH-00204,203,2,A,54,Compact,0.94,OP-A08,2026-08-31 06:00:00,40.566,2.22,0.02622,Pass,NONE,
VH-00205,204,2,A,55,Compact,0.94,OP-A03,2026-08-31 06:00:00,40.634,2.016,0.03551,Pass,NONE,
VH-00206,205,2,A,56,Sedan,1.0,OP-A08,2026-08-31 06:00:00,40.294,2.163,0.02786,Pass,NONE,
VH-00207,206,2,A,57,Sedan,1.0,OP-A08,2026-08-31 06:00:00,39.38,2.151,0.03258,Pass,NONE,
VH-00208,207,2,A,58,Compact,0.94,OP-A01,2026-08-31 06:00:00,39.644,2.371,0.03049,Pass,NONE,
VH-00209,208,2,A,59,Compact,0.94,OP-A02,2026-08-31 06:00:00,40.145,1.791,0.02961,Pass,NONE,
VH-00210,209,2,A,60,SUV,1.08,OP-A02,2026-08-31 06:00:00,39.253,2.118,0.03328,Pass,NONE,
VH-00211,210,2,A,61,Sedan,1.0,OP-A07,2026-08-31 06:00:00,38.292,2.009,0.02875,Pass,NONE,
VH-00212,211,2,A,62,Sedan,1.0,OP-A07,2026-08-31 06:00:00,39.237,2.001,0.03593,Pass,NONE,
VH-00213,212,2,A,63,Sedan,1.0,OP-A05,2026-08-31 06:00:00,38.83,2.183,0.03368,Pass,NONE,
VH-00214,213,2,A,64,Truck,1.14,OP-A02,2026-08-31 06:00:00,40.242,2.401,0.03399,Pass,NONE,
VH-00215,214,2,A,65,Truck,1.14,OP-A02,2026-08-31 06:00:00,39.503,1.902,0.03348,Pass,NONE,
VH-00216,215,2,A,66,SUV,1.08,OP-A02,2026-08-31 06:00:00,38.73,1.885,0.03122,Pass,NONE,
VH-00217,216,2,A,67,Sedan,1.0,OP-A05,2026-08-31 06:00:00,37.609,1.833,0.04065,Pass,NONE,
VH-00218,217,2,A,68,Truck,1.14,OP-A08,2026-08-31 06:00:00,40.062,2.126,0.0515,Pass,NONE,
VH-00219,218,2,A,69,Compact,0.94,OP-A02,2026-08-31 06:00:00,40.025,1.887,0.03133,Pass,NONE,
VH-00220,219,2,A,70,Sedan,1.0,OP-A07,2026-08-31 06:00:00,39.174,2.037,0.02783,Pass,NONE,
VH-00221,220,2,A,71,Compact,0.94,OP-A03,2026-08-31 06:00:00,38.801,2.153,0.03015,Pass,NONE,
VH-00222,221,2,A,72,Sedan,1.0,OP-A07,2026-08-31 06:00:00,38.735,2.136,0.03322,Pass,NONE,
VH-00223,222,2,A,73,Compact,0.94,OP-A04,2026-08-31 06:00:00,39.353,1.911,0.03047,Pass,NONE,
VH-00224,223,2,A,74,Sedan,1.0,OP-A01,2026-08-31 06:00:00,40.185,2.196,0.02135,Pass,NONE,
VH-00225,224,2,A,75,Truck,1.14,OP-A01,2026-08-31 06:00:00,39.555,2.13,0.05297,Pass,NONE,
VH-00226,225,2,B,1,SUV,1.08,OP-B02,2026-08-31 14:30:00,39.925,2.222,0.04595,Pass,NONE,
VH-00227,226,2,B,2,SUV,1.08,OP-B06,2026-08-31 14:30:00,39.812,2.322,0.02673,Pass,NONE,
VH-00228,227,2,B,3,SUV,1.08,OP-B07,2026-08-31 14:30:00,40.478,1.958,0.03567,Pass,NONE,
VH-00229,228,2,B,4,Compact,0.94,OP-B06,2026-08-31 14:30:00,40.206,2.214,0.04159,Pass,NONE,
VH-00230,229,2,B,5,SUV,1.08,OP-B04,2026-08-31 14:30:00,40.108,1.987,0.02967,Pass,NONE,
VH-00231,230,2,B,6,SUV,1.08,OP-B07,2026-08-31 14:30:00,40.487,2.131,0.03669,Pass,NONE,
VH-00232,231,2,B,7,Sedan,1.0,OP-B02,2026-08-31 14:30:00,40.094,2.011,0.04,Pass,NONE,
VH-00233,232,2,B,8,Compact,0.94,OP-B05,2026-08-31 14:30:00,40.142,2.137,0.02756,Pass,NONE,
VH-00234,233,2,B,9,Compact,0.94,OP-B07,2026-08-31 14:30:00,41.122,1.989,0.03595,Pass,NONE,
VH-00235,234,2,B,10,Compact,0.94,OP-B01,2026-08-31 14:30:00,40.491,1.931,0.02728,Pass,NONE,
VH-00236,235,2,B,11,Sedan,1.0,OP-B02,2026-08-31 14:30:00,40.655,1.971,0.03396,Pass,NONE,
VH-00237,236,2,B,12,Sedan,1.0,OP-B06,2026-08-31 14:30:00,41.039,2.482,0.0335,Pass,NONE,
VH-00238,237,2,B,13,SUV,1.08,OP-B03,2026-08-31 14:30:00,40.506,2.01,0.04018,Pass,NONE,
VH-00239,238,2,B,14,Compact,0.94,OP-B02,2026-08-31 14:30:00,39.917,2.044,0.03093,Pass,NONE,
VH-00240,239,2,B,15,Truck,1.14,OP-B06,2026-08-31 14:30:00,39.973,2.15,0.05372,Pass,NONE,
VH-00241,240,2,B,16,Sedan,1.0,OP-B05,2026-08-31 14:30:00,40.616,1.92,0.03537,Pass,NONE,
VH-00242,241,2,B,17,Compact,0.94,OP-B01,2026-08-31 14:30:00,39.716,1.887,0.02984,Pass,NONE,
VH-00243,242,2,B,18,Truck,1.14,OP-B05,2026-08-31 14:30:00,41.21,1.926,0.03353,Pass,NONE,
VH-00244,243,2,B,19,Sedan,1.0,OP-B03,2026-08-31 14:30:00,40.225,2.655,0.03538,Pass,NONE,
VH-00245,244,2,B,20,SUV,1.08,OP-B05,2026-08-31 14:30:00,40.089,2.085,0.03061,Pass,NONE,
VH-00246,245,2,B,21,SUV,1.08,OP-B03,2026-08-31 14:30:00,40.66,2.106,0.03569,Pass,NONE,
VH-00247,246,2,B,22,Truck,1.14,OP-B02,2026-08-31 14:30:00,40.229,1.965,0.03662,Pass,NONE,
VH-00248,247,2,B,23,Truck,1.14,OP-B04,2026-08-31 14:30:00,39.159,2.362,0.04222,Pass,NONE,
VH-00249,248,2,B,24,Sedan,1.0,OP-B03,2026-08-31 14:30:00,40.307,2.237,0.02289,Pass,NONE,
VH-00250,249,2,B,25,Sedan,1.0,OP-B02,2026-08-31 14:30:00,40.739,2.148,0.03426,Pass,NONE,
VH-00251,250,2,B,26,Compact,0.94,OP-B01,2026-08-31 14:30:00,40.33,2.441,0.03485,Pass,NONE,
VH-00252,251,2,B,27,Compact,0.94,OP-B05,2026-08-31 14:30:00,40.932,1.813,0.02648,Pass,NONE,
VH-00253,252,2,B,28,Compact,0.94,OP-B03,2026-08-31 14:30:00,40.731,2.323,0.02607,Pass,NONE,
VH-00254,253,2,B,29,SUV,1.08,OP-B05,2026-08-31 14:30:00,40.862,2.453,0.04592,Pass,NONE,
VH-00255,254,2,B,30,Compact,0.94,OP-B08,2026-08-31 14:30:00,40.775,1.673,0.02658,Pass,NONE,
VH-00256,255,2,B,31,Sedan,1.0,OP-B02,2026-08-31 14:30:00,40.65,2.125,0.03648,Pass,NONE,
VH-00257,256,2,B,32,SUV,1.08,OP-B05,2026-08-31 14:30:00,40.774,2.16,0.03954,Pass,NONE,
VH-00258,257,2,B,33,Sedan,1.0,OP-B06,2026-08-31 14:30:00,38.872,2.051,0.02834,Pass,NONE,
VH-00259,258,2,B,34,SUV,1.08,OP-B06,2026-08-31 14:30:00,40.98,2.389,0.02681,Pass,NONE,
VH-00260,259,2,B,35,Compact,0.94,OP-B03,2026-08-31 14:30:00,40.53,2.247,0.03229,Pass,NONE,
VH-00261,260,2,B,36,Sedan,1.0,OP-B08,2026-08-31 14:30:00,39.417,1.983,0.02963,Pass,NONE,
VH-00262,261,2,B,37,Sedan,1.0,OP-B06,2026-08-31 14:30:00,41.825,2.257,0.02346,Pass,NONE,
VH-00263,262,2,B,38,Sedan,1.0,OP-B08,2026-08-31 14:30:00,40.266,1.946,0.03274,Pass,NONE,
VH-00264,263,2,B,39,Sedan,1.0,OP-B03,2026-08-31 14:30:00,40.404,1.743,0.03019,Pass,NONE,
VH-00265,264,2,B,40,Compact,0.94,OP-B05,2026-08-31 14:30:00,39.5,2.104,0.03099,Pass,NONE,
VH-00266,265,2,B,41,Compact,0.94,OP-B08,2026-08-31 14:30:00,40.037,1.68,0.02559,Fail,LOW_CONFIDENCE_MULTI_CAUSAL,ST-45
VH-00267,266,2,B,42,SUV,1.08,OP-B08,2026-08-31 14:30:00,41.016,1.901,0.03619,Pass,NONE,
VH-00268,267,2,B,43,Compact,0.94,OP-B04,2026-08-31 14:30:00,41.611,2.303,0.03058,Pass,NONE,
VH-00269,268,2,B,44,Truck,1.14,OP-B06,2026-08-31 14:30:00,40.617,2.027,0.03973,Pass,NONE,
VH-00270,269,2,B,45,Sedan,1.0,OP-B07,2026-08-31 14:30:00,40.245,2.463,0.02833,Pass,NONE,
VH-00271,270,2,B,46,Sedan,1.0,OP-B06,2026-08-31 14:30:00,39.383,2.153,0.02891,Pass,NONE,
VH-00272,271,2,B,47,Sedan,1.0,OP-B03,2026-08-31 14:30:00,40.224,2.249,0.02374,Pass,NONE,
VH-00273,272,2,B,48,SUV,1.08,OP-B05,2026-08-31 14:30:00,40.41,2.441,0.04681,Pass,NONE,
VH-00274,273,2,B,49,Sedan,1.0,OP-B08,2026-08-31 14:30:00,39.96,2.133,0.04192,Pass,NONE,
VH-00275,274,2,B,50,SUV,1.08,OP-B04,2026-08-31 14:30:00,39.606,2.108,0.0322,Pass,NONE,
VH-00276,275,2,B,51,Compact,0.94,OP-B01,2026-08-31 14:30:00,40.168,1.819,0.03957,Pass,NONE,
VH-00277,276,2,B,52,Truck,1.14,OP-B01,2026-08-31 14:30:00,41.226,1.866,0.03869,Pass,NONE,
VH-00278,277,2,B,53,SUV,1.08,OP-B01,2026-08-31 14:30:00,40.497,2.001,0.03368,Pass,NONE,
VH-00279,278,2,B,54,Sedan,1.0,OP-B05,2026-08-31 14:30:00,40.993,2.121,0.03149,Pass,NONE,
VH-00280,279,2,B,55,Sedan,1.0,OP-B08,2026-08-31 14:30:00,39.606,2.142,0.03506,Pass,NONE,
VH-00281,280,2,B,56,Truck,1.14,OP-B06,2026-08-31 14:30:00,40.892,2.184,0.04568,Pass,NONE,
VH-00282,281,2,B,57,Sedan,1.0,OP-B03,2026-08-31 14:30:00,41.404,2.539,0.03269,Fail,LOW_CONFIDENCE_MULTI_CAUSAL,ST-45
VH-00283,282,2,B,58,Sedan,1.0,OP-B02,2026-08-31 14:30:00,40.022,2.32,0.03965,Pass,NONE,
VH-00284,283,2,B,59,Compact,0.94,OP-B03,2026-08-31 14:30:00,40.355,2.004,0.02846,Pass,NONE,
VH-00285,284,2,B,60,SUV,1.08,OP-B05,2026-08-31 14:30:00,40.871,1.77,0.0465,Pass,NONE,
VH-00286,285,2,B,61,SUV,1.08,OP-B06,2026-08-31 14:30:00,41.154,2.418,0.04167,Pass,NONE,
VH-00287,286,2,B,62,Sedan,1.0,OP-B05,2026-08-31 14:30:00,40.243,2.016,0.03725,Pass,NONE,
VH-00288,287,2,B,63,Sedan,1.0,OP-B04,2026-08-31 14:30:00,40.671,2.101,0.04256,Pass,NONE,
VH-00289,288,2,B,64,SUV,1.08,OP-B06,2026-08-31 14:30:00,41.684,2.388,0.0511,Pass,NONE,
VH-00290,289,2,B,65,Truck,1.14,OP-B06,2026-08-31 14:30:00,42.481,1.84,0.04268,Pass,NONE,
VH-00291,290,2,B,66,Compact,0.94,OP-B07,2026-08-31 14:30:00,41.087,2.083,0.02904,Fail,LOW_CONFIDENCE_MULTI_CAUSAL,ST-45
VH-00292,291,2,B,67,SUV,1.08,OP-B06,2026-08-31 14:30:00,41.716,2.415,0.03374,Pass,NONE,
VH-00293,292,2,B,68,Compact,0.94,OP-B03,2026-08-31 14:30:00,40.129,2.584,0.03253,Pass,NONE,
VH-00294,293,2,B,69,Compact,0.94,OP-B06,2026-08-31 14:30:00,40.592,2.222,0.02656,Fail,FINAL_TORQUE_VARIATION,ST-45
VH-00295,294,2,B,70,Sedan,1.0,OP-B06,2026-08-31 14:30:00,42.566,1.965,0.03348,Pass,NONE,
VH-00296,295,2,B,71,SUV,1.08,OP-B06,2026-08-31 14:30:00,42.131,2.421,0.03311,Fail,LOW_CONFIDENCE_MULTI_CAUSAL,ST-45
VH-00297,296,2,B,72,Sedan,1.0,OP-B04,2026-08-31 14:30:00,41.831,2.411,0.03487,Pass,NONE,
VH-00298,297,2,B,73,Truck,1.14,OP-B04,2026-08-31 14:30:00,39.688,2.252,0.03864,Pass,NONE,
VH-00299,298,2,B,74,Sedan,1.0,OP-B06,2026-08-31 14:30:00,42.202,2.369,0.01809,Pass,NONE,
VH-00300,299,2,B,75,Compact,0.94,OP-B07,2026-08-31 14:30:00,41.734,2.283,0.03079,Pass,NONE,
VH-00301,300,3,A,1,Compact,0.94,OP-A02,2026-09-01 06:00:00,40.132,2.201,0.02858,Pass,NONE,
VH-00302,301,3,A,2,Truck,1.14,OP-A05,2026-09-01 06:00:00,38.593,2.336,0.04449,Pass,NONE,
VH-00303,302,3,A,3,Truck,1.14,OP-A07,2026-09-01 06:00:00,41.959,2.526,0.04284,Pass,NONE,
VH-00304,303,3,A,4,Compact,0.94,OP-A03,2026-09-01 06:00:00,41.828,2.26,0.03087,Pass,NONE,
VH-00305,304,3,A,5,Sedan,1.0,OP-A03,2026-09-01 06:00:00,40.096,2.097,0.03089,Pass,NONE,
VH-00306,305,3,A,6,Sedan,1.0,OP-A03,2026-09-01 06:00:00,40.461,1.796,0.03396,Pass,NONE,
VH-00307,306,3,A,7,Compact,0.94,OP-A08,2026-09-01 06:00:00,40.694,1.89,0.02043,Pass,NONE,
VH-00308,307,3,A,8,Truck,1.14,OP-A08,2026-09-01 06:00:00,40.665,2.44,0.04669,Pass,NONE,
VH-00309,308,3,A,9,Compact,0.94,OP-A08,2026-09-01 06:00:00,40.751,2.262,0.03022,Fail,MANUAL_FIT_CHECK_VARIATION,ST-45
VH-00310,309,3,A,10,Compact,0.94,OP-A01,2026-09-01 06:00:00,40.306,1.997,0.04159,Pass,NONE,
VH-00311,310,3,A,11,Compact,0.94,OP-A01,2026-09-01 06:00:00,41.132,2.429,0.03898,Pass,NONE,
VH-00312,311,3,A,12,Sedan,1.0,OP-A02,2026-09-01 06:00:00,41.622,2.513,0.03131,Pass,NONE,
VH-00313,312,3,A,13,Compact,0.94,OP-A01,2026-09-01 06:00:00,41.307,2.317,0.02461,Pass,NONE,
VH-00314,313,3,A,14,Compact,0.94,OP-A03,2026-09-01 06:00:00,40.91,2.299,0.04276,Pass,NONE,
VH-00315,314,3,A,15,Truck,1.14,OP-A07,2026-09-01 06:00:00,41.211,2.653,0.03298,Pass,NONE,
VH-00316,315,3,A,16,Truck,1.14,OP-A03,2026-09-01 06:00:00,41.12,1.983,0.05284,Fail,LOW_CONFIDENCE_MULTI_CAUSAL,ST-45
VH-00317,316,3,A,17,Truck,1.14,OP-A01,2026-09-01 06:00:00,42.784,2.177,0.05681,Fail,MANUAL_FIT_CHECK_VARIATION,ST-45
VH-00318,317,3,A,18,Compact,0.94,OP-A01,2026-09-01 06:00:00,40.343,2.239,0.02467,Pass,NONE,
VH-00319,318,3,A,19,Compact,0.94,OP-A08,2026-09-01 06:00:00,42.57,2.072,0.03552,Pass,NONE,
VH-00320,319,3,A,20,Sedan,1.0,OP-A05,2026-09-01 06:00:00,41.149,2.561,0.03903,Pass,NONE,
VH-00321,320,3,A,21,Sedan,1.0,OP-A01,2026-09-01 06:00:00,41.532,2.369,0.02832,Pass,NONE,
VH-00322,321,3,A,22,Truck,1.14,OP-A07,2026-09-01 06:00:00,40.743,2.138,0.03018,Pass,NONE,
VH-00323,322,3,A,23,Compact,0.94,OP-A04,2026-09-01 06:00:00,41.732,2.443,0.02419,Pass,NONE,
VH-00324,323,3,A,24,Truck,1.14,OP-A03,2026-09-01 06:00:00,40.664,2.536,0.04201,Pass,NONE,
VH-00325,324,3,A,25,Sedan,1.0,OP-A06,2026-09-01 06:00:00,40.859,1.956,0.0372,Pass,NONE,
VH-00326,325,3,A,26,Sedan,1.0,OP-A05,2026-09-01 06:00:00,42.073,2.302,0.02467,Pass,NONE,
VH-00327,326,3,A,27,Compact,0.94,OP-A02,2026-09-01 06:00:00,41.18,2.332,0.0235,Pass,NONE,
VH-00328,327,3,A,28,Sedan,1.0,OP-A07,2026-09-01 06:00:00,42.733,2.808,0.0381,Pass,NONE,
VH-00329,328,3,A,29,Compact,0.94,OP-A02,2026-09-01 06:00:00,41.91,2.17,0.02347,Pass,NONE,
VH-00330,329,3,A,30,Compact,0.94,OP-A01,2026-09-01 06:00:00,41.424,2.841,0.0398,Pass,NONE,
VH-00331,330,3,A,31,Sedan,1.0,OP-A08,2026-09-01 06:00:00,41.81,2.382,0.02654,Pass,NONE,
VH-00332,331,3,A,32,Compact,0.94,OP-A06,2026-09-01 06:00:00,42.161,2.336,0.02593,Pass,NONE,
VH-00333,332,3,A,33,Compact,0.94,OP-A05,2026-09-01 06:00:00,41.75,2.604,0.02843,Pass,NONE,
VH-00334,333,3,A,34,Truck,1.14,OP-A04,2026-09-01 06:00:00,42.34,2.478,0.04046,Pass,NONE,
VH-00335,334,3,A,35,Compact,0.94,OP-A03,2026-09-01 06:00:00,40.969,2.61,0.02931,Pass,NONE,
VH-00336,335,3,A,36,Sedan,1.0,OP-A07,2026-09-01 06:00:00,41.885,2.58,0.0242,Pass,NONE,
VH-00337,336,3,A,37,Sedan,1.0,OP-A08,2026-09-01 06:00:00,39.935,2.389,0.04042,Pass,NONE,
VH-00338,337,3,A,38,Truck,1.14,OP-A01,2026-09-01 06:00:00,41.713,2.583,0.03681,Pass,NONE,
VH-00339,338,3,A,39,SUV,1.08,OP-A01,2026-09-01 06:00:00,42.224,2.734,0.03822,Pass,NONE,
VH-00340,339,3,A,40,SUV,1.08,OP-A07,2026-09-01 06:00:00,41.503,2.142,0.0404,Pass,NONE,
VH-00341,340,3,A,41,Sedan,1.0,OP-A02,2026-09-01 06:00:00,41.925,2.864,0.02706,Pass,NONE,
VH-00342,341,3,A,42,SUV,1.08,OP-A08,2026-09-01 06:00:00,42.556,2.74,0.02985,Pass,NONE,
VH-00343,342,3,A,43,SUV,1.08,OP-A04,2026-09-01 06:00:00,43.191,2.346,0.03145,Pass,NONE,
VH-00344,343,3,A,44,Truck,1.14,OP-A06,2026-09-01 06:00:00,43.597,2.693,0.0569,Pass,NONE,
VH-00345,344,3,A,45,Truck,1.14,OP-A07,2026-09-01 06:00:00,42.588,2.662,0.02646,Pass,NONE,
VH-00346,345,3,A,46,Compact,0.94,OP-A07,2026-09-01 06:00:00,43.251,2.759,0.03993,Pass,NONE,
VH-00347,346,3,A,47,Compact,0.94,OP-A03,2026-09-01 06:00:00,42.458,2.34,0.04372,Pass,NONE,
VH-00348,347,3,A,48,SUV,1.08,OP-A07,2026-09-01 06:00:00,42.221,2.765,0.02783,Pass,NONE,
VH-00349,348,3,A,49,Compact,0.94,OP-A03,2026-09-01 06:00:00,41.49,2.838,0.0269,Fail,LOW_CONFIDENCE_MULTI_CAUSAL,ST-45
VH-00350,349,3,A,50,SUV,1.08,OP-A01,2026-09-01 06:00:00,42.343,2.706,0.04044,Pass,NONE,
VH-00351,350,3,A,51,Compact,0.94,OP-A06,2026-09-01 06:00:00,41.219,2.734,0.02857,Pass,NONE,
VH-00352,351,3,A,52,Sedan,1.0,OP-A01,2026-09-01 06:00:00,42.485,2.743,0.0341,Fail,LOW_CONFIDENCE_MULTI_CAUSAL,ST-45
VH-00353,352,3,A,53,Truck,1.14,OP-A01,2026-09-01 06:00:00,42.275,2.996,0.03289,Pass,NONE,
VH-00354,353,3,A,54,SUV,1.08,OP-A06,2026-09-01 06:00:00,42.532,2.854,0.0297,Pass,NONE,
VH-00355,354,3,A,55,Truck,1.14,OP-A02,2026-09-01 06:00:00,40.845,2.702,0.0523,Pass,NONE,
VH-00356,355,3,A,56,Sedan,1.0,OP-A03,2026-09-01 06:00:00,42.612,3.087,0.03977,Pass,NONE,
VH-00357,356,3,A,57,Compact,0.94,OP-A07,2026-09-01 06:00:00,43.065,2.91,0.0411,Pass,NONE,
VH-00358,357,3,A,58,Compact,0.94,OP-A05,2026-09-01 06:00:00,42.457,2.998,0.04042,Pass,NONE,
VH-00359,358,3,A,59,Compact,0.94,OP-A03,2026-09-01 06:00:00,43.446,3.001,0.03082,Pass,NONE,
VH-00360,359,3,A,60,SUV,1.08,OP-A03,2026-09-01 06:00:00,42.614,3.165,0.04126,Pass,NONE,
VH-00361,360,3,A,61,Truck,1.14,OP-A01,2026-09-01 06:00:00,43.647,2.888,0.03475,Pass,NONE,
VH-00362,361,3,A,62,Compact,0.94,OP-A01,2026-09-01 06:00:00,42.433,3.207,0.04366,Pass,NONE,
VH-00363,362,3,A,63,Compact,0.94,OP-A04,2026-09-01 06:00:00,42.197,3.284,0.02739,Pass,NONE,
VH-00364,363,3,A,64,Sedan,1.0,OP-A08,2026-09-01 06:00:00,42.267,3.037,0.02619,Pass,NONE,
VH-00365,364,3,A,65,Sedan,1.0,OP-A01,2026-09-01 06:00:00,42.586,2.908,0.03893,Pass,NONE,
VH-00366,365,3,A,66,Sedan,1.0,OP-A08,2026-09-01 06:00:00,43.621,3.182,0.04046,Pass,NONE,
VH-00367,366,3,A,67,SUV,1.08,OP-A06,2026-09-01 06:00:00,42.907,2.917,0.0295,Pass,NONE,
VH-00368,367,3,A,68,Sedan,1.0,OP-A06,2026-09-01 06:00:00,43.158,3.397,0.04849,Pass,NONE,
VH-00369,368,3,A,69,Sedan,1.0,OP-A04,2026-09-01 06:00:00,41.154,3.35,0.0258,Pass,NONE,
VH-00370,369,3,A,70,Truck,1.14,OP-A06,2026-09-01 06:00:00,43.032,3.554,0.06337,Pass,NONE,
VH-00371,370,3,A,71,Truck,1.14,OP-A04,2026-09-01 06:00:00,43.323,3.187,0.04149,Pass,NONE,
VH-00372,371,3,A,72,Sedan,1.0,OP-A06,2026-09-01 06:00:00,45.421,3.014,0.03619,Pass,NONE,
VH-00373,372,3,A,73,Compact,0.94,OP-A07,2026-09-01 06:00:00,42.921,3.342,0.04178,Pass,NONE,
VH-00374,373,3,A,74,Truck,1.14,OP-A03,2026-09-01 06:00:00,43.322,3.274,0.04273,Pass,NONE,
VH-00375,374,3,A,75,Truck,1.14,OP-A01,2026-09-01 06:00:00,43.798,3.323,0.0418,Pass,NONE,
VH-00376,375,3,B,1,SUV,1.08,OP-B04,2026-09-01 14:30:00,45.395,3.492,0.07529,Pass,NONE,
VH-00377,376,3,B,2,Compact,0.94,OP-B04,2026-09-01 14:30:00,44.53,3.24,0.03919,Pass,NONE,
VH-00378,377,3,B,3,SUV,1.08,OP-B02,2026-09-01 14:30:00,44.344,3.428,0.07278,Pass,NONE,
VH-00379,378,3,B,4,Sedan,1.0,OP-B08,2026-09-01 14:30:00,43.605,3.167,0.04945,Pass,NONE,
VH-00380,379,3,B,5,Truck,1.14,OP-B06,2026-09-01 14:30:00,43.967,3.267,0.04257,Pass,NONE,
VH-00381,380,3,B,6,SUV,1.08,OP-B01,2026-09-01 14:30:00,44.25,3.02,0.04308,Pass,NONE,
VH-00382,381,3,B,7,Sedan,1.0,OP-B01,2026-09-01 14:30:00,43.335,3.412,0.05263,Pass,NONE,
VH-00383,382,3,B,8,Sedan,1.0,OP-B03,2026-09-01 14:30:00,45.182,3.099,0.02427,Pass,NONE,
VH-00384,383,3,B,9,Sedan,1.0,OP-B01,2026-09-01 14:30:00,44.901,3.174,0.03656,Pass,NONE,
VH-00385,384,3,B,10,SUV,1.08,OP-B06,2026-09-01 14:30:00,44.172,3.412,0.09488,Fail,LOW_CONFIDENCE_MULTI_CAUSAL,ST-45
VH-00386,385,3,B,11,Sedan,1.0,OP-B02,2026-09-01 14:30:00,45.238,3.15,0.03581,Pass,NONE,
VH-00387,386,3,B,12,SUV,1.08,OP-B06,2026-09-01 14:30:00,43.186,3.389,0.05072,Pass,NONE,
VH-00388,387,3,B,13,Sedan,1.0,OP-B05,2026-09-01 14:30:00,43.31,3.529,0.04707,Pass,NONE,
VH-00389,388,3,B,14,Sedan,1.0,OP-B04,2026-09-01 14:30:00,45.319,3.617,0.09169,Pass,NONE,
VH-00390,389,3,B,15,Compact,0.94,OP-B08,2026-09-01 14:30:00,44.532,3.032,0.03571,Pass,NONE,
VH-00391,390,3,B,16,SUV,1.08,OP-B05,2026-09-01 14:30:00,46.067,3.573,0.13403,Pass,NONE,
VH-00392,391,3,B,17,SUV,1.08,OP-B03,2026-09-01 14:30:00,44.338,3.119,0.0303,Pass,NONE,
VH-00393,392,3,B,18,Compact,0.94,OP-B04,2026-09-01 14:30:00,45.095,3.349,0.04563,Pass,NONE,
VH-00394,393,3,B,19,SUV,1.08,OP-B04,2026-09-01 14:30:00,44.347,3.054,0.0298,Pass,NONE,
VH-00395,394,3,B,20,Compact,0.94,OP-B04,2026-09-01 14:30:00,43.242,3.686,0.04406,Pass,NONE,
VH-00396,395,3,B,21,SUV,1.08,OP-B07,2026-09-01 14:30:00,45.038,3.79,0.14731,Fail,S12_TEMP_X_S15_VIBRATION,ST-45
VH-00397,396,3,B,22,SUV,1.08,OP-B08,2026-09-01 14:30:00,44.438,3.737,0.12769,Pass,NONE,
VH-00398,397,3,B,23,Sedan,1.0,OP-B08,2026-09-01 14:30:00,44.945,3.464,0.08064,Pass,NONE,
VH-00399,398,3,B,24,Compact,0.94,OP-B05,2026-09-01 14:30:00,44.917,3.739,0.10291,Pass,NONE,
VH-00400,399,3,B,25,Sedan,1.0,OP-B01,2026-09-01 14:30:00,45.103,3.582,0.09015,Fail,S12_TEMP_X_S15_VIBRATION,ST-45
VH-00401,400,3,B,26,Sedan,1.0,OP-B03,2026-09-01 14:30:00,44.925,3.866,0.14197,Pass,NONE,
VH-00402,401,3,B,27,Sedan,1.0,OP-B02,2026-09-01 14:30:00,44.817,3.657,0.09469,Pass,NONE,
VH-00403,402,3,B,28,SUV,1.08,OP-B04,2026-09-01 14:30:00,44.525,3.598,0.11262,Pass,NONE,
VH-00404,403,3,B,29,SUV,1.08,OP-B03,2026-09-01 14:30:00,45.54,3.81,0.21648,Pass,NONE,
VH-00405,404,3,B,30,Compact,0.94,OP-B04,2026-09-01 14:30:00,44.904,4.01,0.2013,Pass,NONE,
VH-00406,405,3,B,31,SUV,1.08,OP-B03,2026-09-01 14:30:00,45.246,4.097,0.39457,Fail,S12_TEMP_X_S15_VIBRATION,ST-45
VH-00407,406,3,B,32,SUV,1.08,OP-B04,2026-09-01 14:30:00,45.631,3.648,0.15046,Pass,NONE,
VH-00408,407,3,B,33,Compact,0.94,OP-B07,2026-09-01 14:30:00,44.642,3.547,0.10614,Pass,NONE,
VH-00409,408,3,B,34,Truck,1.14,OP-B03,2026-09-01 14:30:00,45.681,3.725,0.17763,Pass,NONE,
VH-00410,409,3,B,35,Compact,0.94,OP-B02,2026-09-01 14:30:00,46.093,3.843,0.27842,Fail,S12_TEMP_X_S15_VIBRATION,ST-45
VH-00411,410,3,B,36,Sedan,1.0,OP-B01,2026-09-01 14:30:00,44.725,3.977,0.19048,Pass,NONE,
VH-00412,411,3,B,37,SUV,1.08,OP-B05,2026-09-01 14:30:00,45.494,3.869,0.25631,Fail,S12_TEMP_X_S15_VIBRATION,ST-45
VH-00413,412,3,B,38,Truck,1.14,OP-B07,2026-09-01 14:30:00,45.737,4.306,0.53211,Pass,NONE,
VH-00414,413,3,B,39,Sedan,1.0,OP-B01,2026-09-01 14:30:00,45.011,4.033,0.20085,Pass,NONE,
VH-00415,414,3,B,40,SUV,1.08,OP-B08,2026-09-01 14:30:00,45.137,4.181,0.39794,Fail,S12_TEMP_X_S15_VIBRATION,ST-45
VH-00416,415,3,B,41,Sedan,1.0,OP-B08,2026-09-01 14:30:00,45.632,3.997,0.35597,Pass,NONE,
VH-00417,416,3,B,42,Compact,0.94,OP-B06,2026-09-01 14:30:00,45.647,3.907,0.24032,Pass,NONE,
VH-00418,417,3,B,43,SUV,1.08,OP-B06,2026-09-01 14:30:00,45.709,3.953,0.41378,Fail,S12_TEMP_X_S15_VIBRATION,ST-45
VH-00419,418,3,B,44,Truck,1.14,OP-B06,2026-09-01 14:30:00,45.655,3.964,0.28388,Fail,S12_TEMP_X_S15_VIBRATION,ST-45
VH-00420,419,3,B,45,Sedan,1.0,OP-B08,2026-09-01 14:30:00,45.17,3.985,0.21667,Fail,S12_TEMP_X_S15_VIBRATION,ST-45
VH-00421,420,3,B,46,Compact,0.94,OP-B06,2026-09-01 14:30:00,45.288,4.111,0.40538,Pass,NONE,
VH-00422,421,3,B,47,Sedan,1.0,OP-B02,2026-09-01 14:30:00,45.839,4.067,0.4441,Pass,NONE,
VH-00423,422,3,B,48,Compact,0.94,OP-B04,2026-09-01 14:30:00,45.71,4.259,0.54638,Pass,NONE,
VH-00424,423,3,B,49,Truck,1.14,OP-B06,2026-09-01 14:30:00,45.371,4.063,0.30041,Pass,NONE,
VH-00425,424,3,B,50,Truck,1.14,OP-B02,2026-09-01 14:30:00,45.158,3.897,0.2629,Pass,NONE,
VH-00426,425,3,B,51,Sedan,1.0,OP-B01,2026-09-01 14:30:00,46.482,4.149,0.62003,Fail,S12_TEMP_X_S15_VIBRATION,ST-45
VH-00427,426,3,B,52,Truck,1.14,OP-B08,2026-09-01 14:30:00,46.372,4.134,0.63201,Fail,S12_TEMP_X_S15_VIBRATION,ST-45
VH-00428,427,3,B,53,Truck,1.14,OP-B01,2026-09-01 14:30:00,44.934,3.989,0.22852,Pass,NONE,
VH-00429,428,3,B,54,Truck,1.14,OP-B04,2026-09-01 14:30:00,45.179,4.119,0.40748,Fail,S12_TEMP_X_S15_VIBRATION,ST-45
VH-00430,429,3,B,55,Compact,0.94,OP-B05,2026-09-01 14:30:00,47.747,4.1,0.85182,Fail,S12_TEMP_X_S15_VIBRATION,ST-45
VH-00431,430,3,B,56,Compact,0.94,OP-B05,2026-09-01 14:30:00,46.18,4.166,0.54297,Fail,S12_TEMP_X_S15_VIBRATION,ST-45
VH-00432,431,3,B,57,Compact,0.94,OP-B02,2026-09-01 14:30:00,46.957,4.173,0.70121,Fail,S12_TEMP_X_S15_VIBRATION,ST-45
VH-00433,432,3,B,58,Compact,0.94,OP-B05,2026-09-01 14:30:00,45.78,4.419,0.57997,Pass,NONE,
VH-00434,433,3,B,59,Compact,0.94,OP-B04,2026-09-01 14:30:00,45.562,4.284,0.46612,Pass,NONE,
VH-00435,434,3,B,60,Compact,0.94,OP-B04,2026-09-01 14:30:00,46.843,4.252,0.70823,Fail,S12_TEMP_X_S15_VIBRATION,ST-45
VH-00436,435,3,B,61,Sedan,1.0,OP-B08,2026-09-01 14:30:00,47.442,4.639,0.97322,Fail,S12_TEMP_X_S15_VIBRATION,ST-45
VH-00437,436,3,B,62,SUV,1.08,OP-B02,2026-09-01 14:30:00,46.735,4.678,0.93966,Fail,S12_TEMP_X_S15_VIBRATION,ST-45
VH-00438,437,3,B,63,Compact,0.94,OP-B05,2026-09-01 14:30:00,46.625,4.246,0.68445,Pass,NONE,
VH-00439,438,3,B,64,Compact,0.94,OP-B01,2026-09-01 14:30:00,44.962,4.587,0.43339,Pass,NONE,
VH-00440,439,3,B,65,SUV,1.08,OP-B01,2026-09-01 14:30:00,44.957,4.11,0.34841,Fail,S12_TEMP_X_S15_VIBRATION,ST-45
VH-00441,440,3,B,66,Truck,1.14,OP-B04,2026-09-01 14:30:00,45.676,4.496,0.75669,Fail,S12_TEMP_X_S15_VIBRATION,ST-45
VH-00442,441,3,B,67,Compact,0.94,OP-B07,2026-09-01 14:30:00,45.226,4.637,0.61334,Fail,S12_TEMP_X_S15_VIBRATION,ST-45
VH-00443,442,3,B,68,Sedan,1.0,OP-B01,2026-09-01 14:30:00,46.244,4.261,0.77873,Fail,S12_TEMP_X_S15_VIBRATION,ST-45
VH-00444,443,3,B,69,SUV,1.08,OP-B08,2026-09-01 14:30:00,46.092,4.219,0.55012,Fail,S12_TEMP_X_S15_VIBRATION,ST-45
VH-00445,444,3,B,70,SUV,1.08,OP-B07,2026-09-01 14:30:00,44.84,4.438,0.47568,Fail,S12_TEMP_X_S15_VIBRATION,ST-45
VH-00446,445,3,B,71,SUV,1.08,OP-B03,2026-09-01 14:30:00,44.59,4.416,0.35083,Fail,S12_TEMP_X_S15_VIBRATION,ST-45
VH-00447,446,3,B,72,SUV,1.08,OP-B04,2026-09-01 14:30:00,45.211,4.299,0.4807,Fail,S12_TEMP_X_S15_VIBRATION,ST-45
VH-00448,447,3,B,73,Compact,0.94,OP-B02,2026-09-01 14:30:00,45.856,4.468,0.69,Fail,S12_TEMP_X_S15_VIBRATION,ST-45
VH-00449,448,3,B,74,Compact,0.94,OP-B07,2026-09-01 14:30:00,44.825,4.454,0.38093,Fail,S12_TEMP_X_S15_VIBRATION,ST-45
VH-00450,449,3,B,75,Compact,0.94,OP-B08,2026-09-01 14:30:00,46.103,4.42,0.73881,Fail,S12_TEMP_X_S15_VIBRATION,ST-45
VH-00451,450,4,A,1,Sedan,1.0,OP-A01,2026-09-02 06:00:00,44.832,4.148,0.2596,Pass,NONE,
VH-00452,451,4,A,2,SUV,1.08,OP-A06,2026-09-02 06:00:00,45.226,4.61,0.76277,Pass,NONE,
VH-00453,452,4,A,3,SUV,1.08,OP-A07,2026-09-02 06:00:00,44.371,4.71,0.47525,Pass,NONE,
VH-00454,453,4,A,4,SUV,1.08,OP-A01,2026-09-02 06:00:00,43.79,4.447,0.20081,Pass,NONE,
VH-00455,454,4,A,5,Compact,0.94,OP-A05,2026-09-02 06:00:00,44.598,4.391,0.33821,Pass,NONE,
VH-00456,455,4,A,6,SUV,1.08,OP-A01,2026-09-02 06:00:00,44.333,3.97,0.1742,Pass,NONE,
VH-00457,456,4,A,7,Sedan,1.0,OP-A06,2026-09-02 06:00:00,43.353,4.239,0.08465,Pass,NONE,
VH-00458,457,4,A,8,Sedan,1.0,OP-A04,2026-09-02 06:00:00,44.642,3.991,0.20169,Pass,NONE,
VH-00459,458,4,A,9,Compact,0.94,OP-A04,2026-09-02 06:00:00,44.837,4.272,0.26967,Pass,NONE,
VH-00460,459,4,A,10,Sedan,1.0,OP-A08,2026-09-02 06:00:00,42.528,4.28,0.04573,Pass,NONE,
VH-00461,460,4,A,11,Compact,0.94,OP-A02,2026-09-02 06:00:00,44.026,4.54,0.24354,Pass,NONE,
VH-00462,461,4,A,12,Sedan,1.0,OP-A08,2026-09-02 06:00:00,42.51,4.236,0.06574,Pass,NONE,
VH-00463,462,4,A,13,Compact,0.94,OP-A01,2026-09-02 06:00:00,43.472,4.678,0.14617,Pass,NONE,
VH-00464,463,4,A,14,Sedan,1.0,OP-A05,2026-09-02 06:00:00,45.921,4.657,0.82015,Fail,S12_TEMP_X_S15_VIBRATION,ST-45
VH-00465,464,4,A,15,Sedan,1.0,OP-A06,2026-09-02 06:00:00,43.925,4.628,0.32905,Fail,S12_TEMP_X_S15_VIBRATION,ST-45
VH-00466,465,4,A,16,SUV,1.08,OP-A01,2026-09-02 06:00:00,43.878,4.471,0.26757,Pass,NONE,
VH-00467,466,4,A,17,Compact,0.94,OP-A06,2026-09-02 06:00:00,43.247,4.507,0.09153,Fail,S12_TEMP_X_S15_VIBRATION,ST-45
VH-00468,467,4,A,18,Compact,0.94,OP-A01,2026-09-02 06:00:00,44.932,4.051,0.25205,Fail,S12_TEMP_X_S15_VIBRATION,ST-45
VH-00469,468,4,A,19,Sedan,1.0,OP-A03,2026-09-02 06:00:00,44.471,4.67,0.41115,Pass,NONE,
VH-00470,469,4,A,20,Compact,0.94,OP-A01,2026-09-02 06:00:00,43.344,4.71,0.16676,Fail,S12_TEMP_X_S15_VIBRATION,ST-45
VH-00471,470,4,A,21,Sedan,1.0,OP-A04,2026-09-02 06:00:00,43.853,4.544,0.26131,Fail,S12_TEMP_X_S15_VIBRATION,ST-45
VH-00472,471,4,A,22,SUV,1.08,OP-A01,2026-09-02 06:00:00,43.549,4.116,0.11139,Fail,S12_TEMP_X_S15_VIBRATION,ST-45
VH-00473,472,4,A,23,Sedan,1.0,OP-A05,2026-09-02 06:00:00,43.629,4.844,0.24293,Fail,S12_TEMP_X_S15_VIBRATION,ST-45
VH-00474,473,4,A,24,Sedan,1.0,OP-A02,2026-09-02 06:00:00,43.943,4.583,0.25979,Pass,NONE,
VH-00475,474,4,A,25,Sedan,1.0,OP-A03,2026-09-02 06:00:00,44.242,4.566,0.28137,Fail,S12_TEMP_X_S15_VIBRATION,ST-45
VH-00476,475,4,A,26,Compact,0.94,OP-A01,2026-09-02 06:00:00,43.13,4.474,0.09698,Pass,NONE,
VH-00477,476,4,A,27,Sedan,1.0,OP-A03,2026-09-02 06:00:00,44.172,4.415,0.24762,Fail,S12_TEMP_X_S15_VIBRATION,ST-45
VH-00478,477,4,A,28,Sedan,1.0,OP-A08,2026-09-02 06:00:00,44.559,4.776,0.49054,Pass,NONE,
VH-00479,478,4,A,29,Compact,0.94,OP-A03,2026-09-02 06:00:00,44.28,4.691,0.39689,Pass,NONE,
VH-00480,479,4,A,30,Truck,1.14,OP-A03,2026-09-02 06:00:00,44.91,4.62,0.57316,Pass,NONE,
VH-00481,480,4,A,31,SUV,1.08,OP-A08,2026-09-02 06:00:00,43.492,4.531,0.18023,Pass,NONE,
VH-00482,481,4,A,32,Truck,1.14,OP-A04,2026-09-02 06:00:00,43.555,4.61,0.21783,Pass,NONE,
VH-00483,482,4,A,33,Compact,0.94,OP-A03,2026-09-02 06:00:00,44.332,4.905,0.52094,Fail,S12_TEMP_X_S15_VIBRATION,ST-45
VH-00484,483,4,A,34,Compact,0.94,OP-A02,2026-09-02 06:00:00,43.946,4.298,0.2051,Pass,NONE,
VH-00485,484,4,A,35,SUV,1.08,OP-A01,2026-09-02 06:00:00,43.502,4.093,0.1171,Pass,NONE,
VH-00486,485,4,A,36,Compact,0.94,OP-A01,2026-09-02 06:00:00,44.468,4.674,0.43182,Pass,NONE,
VH-00487,486,4,A,37,SUV,1.08,OP-A02,2026-09-02 06:00:00,44.102,4.576,0.29406,Pass,NONE,
VH-00488,487,4,A,38,SUV,1.08,OP-A01,2026-09-02 06:00:00,44.426,4.566,0.42257,Pass,NONE,
VH-00489,488,4,A,39,Truck,1.14,OP-A07,2026-09-02 06:00:00,44.667,4.555,0.47211,Fail,S12_TEMP_X_S15_VIBRATION,ST-45
VH-00490,489,4,A,40,Sedan,1.0,OP-A02,2026-09-02 06:00:00,43.703,4.736,0.23607,Fail,S12_TEMP_X_S15_VIBRATION,ST-45
VH-00491,490,4,A,41,Compact,0.94,OP-A07,2026-09-02 06:00:00,43.876,4.691,0.21904,Pass,NONE,
VH-00492,491,4,A,42,Sedan,1.0,OP-A07,2026-09-02 06:00:00,42.758,4.538,0.10078,Pass,NONE,
VH-00493,492,4,A,43,Compact,0.94,OP-A04,2026-09-02 06:00:00,41.919,4.449,0.03394,Pass,NONE,
VH-00494,493,4,A,44,Compact,0.94,OP-A02,2026-09-02 06:00:00,42.641,4.587,0.0643,Pass,NONE,
VH-00495,494,4,A,45,SUV,1.08,OP-A08,2026-09-02 06:00:00,42.434,4.291,0.05083,Pass,NONE,
VH-00496,495,4,A,46,SUV,1.08,OP-A07,2026-09-02 06:00:00,42.25,4.189,0.0454,Pass,NONE,
VH-00497,496,4,A,47,Sedan,1.0,OP-A07,2026-09-02 06:00:00,42.534,4.652,0.05838,Pass,NONE,
VH-00498,497,4,A,48,Compact,0.94,OP-A02,2026-09-02 06:00:00,43.42,4.679,0.17285,Pass,NONE,
VH-00499,498,4,A,49,Compact,0.94,OP-A04,2026-09-02 06:00:00,42.396,4.5,0.04662,Pass,NONE,
VH-00500,499,4,A,50,SUV,1.08,OP-A05,2026-09-02 06:00:00,43.879,4.44,0.26046,Pass,NONE,
VH-00501,500,4,A,51,Sedan,1.0,OP-A02,2026-09-02 06:00:00,43.235,4.246,0.0867,Pass,NONE,
VH-00502,501,4,A,52,SUV,1.08,OP-A07,2026-09-02 06:00:00,42.685,4.08,0.06226,Pass,NONE,
VH-00503,502,4,A,53,Compact,0.94,OP-A04,2026-09-02 06:00:00,42.972,4.158,0.06654,Pass,NONE,
VH-00504,503,4,A,54,Sedan,1.0,OP-A05,2026-09-02 06:00:00,42.422,4.843,0.05593,Pass,NONE,
VH-00505,504,4,A,55,Truck,1.14,OP-A07,2026-09-02 06:00:00,42.312,4.387,0.04596,Pass,NONE,
VH-00506,505,4,A,56,Compact,0.94,OP-A07,2026-09-02 06:00:00,42.82,4.267,0.06911,Pass,NONE,
VH-00507,506,4,A,57,Sedan,1.0,OP-A07,2026-09-02 06:00:00,41.718,4.138,0.02318,Pass,NONE,
VH-00508,507,4,A,58,Compact,0.94,OP-A08,2026-09-02 06:00:00,42.462,4.392,0.06145,Pass,NONE,
VH-00509,508,4,A,59,SUV,1.08,OP-A06,2026-09-02 06:00:00,41.423,3.909,0.03327,Pass,NONE,
VH-00510,509,4,A,60,SUV,1.08,OP-A05,2026-09-02 06:00:00,41.229,4.515,0.03194,Pass,NONE,
VH-00511,510,4,A,61,Compact,0.94,OP-A08,2026-09-02 06:00:00,40.966,4.512,0.02902,Pass,NONE,
VH-00512,511,4,A,62,Sedan,1.0,OP-A06,2026-09-02 06:00:00,43.189,4.472,0.11346,Pass,NONE,
VH-00513,512,4,A,63,SUV,1.08,OP-A07,2026-09-02 06:00:00,41.874,4.13,0.02595,Pass,NONE,
VH-00514,513,4,A,64,Truck,1.14,OP-A08,2026-09-02 06:00:00,40.816,4.09,0.03636,Pass,NONE,
VH-00515,514,4,A,65,SUV,1.08,OP-A05,2026-09-02 06:00:00,42.443,4.145,0.05904,Pass,NONE,
VH-00516,515,4,A,66,SUV,1.08,OP-A05,2026-09-02 06:00:00,42.813,4.068,0.06183,Pass,NONE,
VH-00517,516,4,A,67,Compact,0.94,OP-A08,2026-09-02 06:00:00,42.032,3.98,0.03176,Pass,NONE,
VH-00518,517,4,A,68,SUV,1.08,OP-A08,2026-09-02 06:00:00,42.824,4.534,0.08243,Pass,NONE,
VH-00519,518,4,A,69,Truck,1.14,OP-A03,2026-09-02 06:00:00,41.668,4.249,0.04192,Pass,NONE,
VH-00520,519,4,A,70,Sedan,1.0,OP-A08,2026-09-02 06:00:00,41.257,4.08,0.03195,Pass,NONE,
VH-00521,520,4,A,71,SUV,1.08,OP-A02,2026-09-02 06:00:00,41.486,3.829,0.03476,Pass,NONE,
VH-00522,521,4,A,72,Compact,0.94,OP-A07,2026-09-02 06:00:00,41.203,4.193,0.03836,Pass,NONE,
VH-00523,522,4,A,73,Sedan,1.0,OP-A05,2026-09-02 06:00:00,42.359,3.79,0.04319,Pass,NONE,
VH-00524,523,4,A,74,Sedan,1.0,OP-A03,2026-09-02 06:00:00,41.872,3.921,0.03341,Pass,NONE,
VH-00525,524,4,A,75,Compact,0.94,OP-A05,2026-09-02 06:00:00,43.452,4.261,0.09612,Pass,NONE,
VH-00526,525,4,B,1,Compact,0.94,OP-B03,2026-09-02 14:30:00,41.798,3.843,0.03135,Pass,NONE,
VH-00527,526,4,B,2,SUV,1.08,OP-B03,2026-09-02 14:30:00,42.999,4.134,0.04571,Fail,LOW_CONFIDENCE_MULTI_CAUSAL,ST-45
VH-00528,527,4,B,3,Sedan,1.0,OP-B07,2026-09-02 14:30:00,41.037,3.761,0.02602,Pass,NONE,
VH-00529,528,4,B,4,SUV,1.08,OP-B01,2026-09-02 14:30:00,41.853,3.531,0.0392,Pass,NONE,
VH-00530,529,4,B,5,Sedan,1.0,OP-B03,2026-09-02 14:30:00,42.095,4.104,0.04302,Pass,NONE,
VH-00531,530,4,B,6,Compact,0.94,OP-B01,2026-09-02 14:30:00,44.227,3.989,0.1277,Pass,NONE,
VH-00532,531,4,B,7,SUV,1.08,OP-B01,2026-09-02 14:30:00,43.605,4.015,0.09919,Pass,NONE,
VH-00533,532,4,B,8,SUV,1.08,OP-B04,2026-09-02 14:30:00,42.864,3.632,0.05534,Fail,LOW_CONFIDENCE_MULTI_CAUSAL,ST-45
VH-00534,533,4,B,9,SUV,1.08,OP-B08,2026-09-02 14:30:00,43.109,3.657,0.06144,Pass,NONE,
VH-00535,534,4,B,10,Compact,0.94,OP-B07,2026-09-02 14:30:00,41.791,4.027,0.02714,Pass,NONE,
VH-00536,535,4,B,11,Compact,0.94,OP-B01,2026-09-02 14:30:00,42.509,3.973,0.0516,Pass,NONE,
VH-00537,536,4,B,12,Sedan,1.0,OP-B02,2026-09-02 14:30:00,42.369,3.755,0.04758,Pass,NONE,
VH-00538,537,4,B,13,SUV,1.08,OP-B04,2026-09-02 14:30:00,41.73,3.807,0.04315,Pass,NONE,
VH-00539,538,4,B,14,Truck,1.14,OP-B08,2026-09-02 14:30:00,41.275,3.835,0.0456,Pass,NONE,
VH-00540,539,4,B,15,Sedan,1.0,OP-B06,2026-09-02 14:30:00,43.287,3.769,0.06045,Pass,NONE,
VH-00541,540,4,B,16,SUV,1.08,OP-B01,2026-09-02 14:30:00,42.365,3.86,0.04205,Pass,NONE,
VH-00542,541,4,B,17,Truck,1.14,OP-B06,2026-09-02 14:30:00,42.113,3.6,0.03581,Pass,NONE,
VH-00543,542,4,B,18,Compact,0.94,OP-B01,2026-09-02 14:30:00,41.085,3.57,0.03239,Pass,NONE,
VH-00544,543,4,B,19,Compact,0.94,OP-B04,2026-09-02 14:30:00,43.071,3.338,0.03647,Pass,NONE,
VH-00545,544,4,B,20,Compact,0.94,OP-B03,2026-09-02 14:30:00,42.057,3.551,0.02583,Pass,NONE,
VH-00546,545,4,B,21,Compact,0.94,OP-B05,2026-09-02 14:30:00,41.458,3.687,0.02806,Pass,NONE,
VH-00547,546,4,B,22,Sedan,1.0,OP-B03,2026-09-02 14:30:00,41.744,3.818,0.03621,Pass,NONE,
VH-00548,547,4,B,23,Sedan,1.0,OP-B07,2026-09-02 14:30:00,41.309,4.221,0.03167,Pass,NONE,
VH-00549,548,4,B,24,Compact,0.94,OP-B07,2026-09-02 14:30:00,42.108,3.866,0.0254,Pass,NONE,
VH-00550,549,4,B,25,Compact,0.94,OP-B07,2026-09-02 14:30:00,43.238,3.711,0.06385,Pass,NONE,
VH-00551,550,4,B,26,Sedan,1.0,OP-B03,2026-09-02 14:30:00,41.98,3.819,0.03032,Pass,NONE,
VH-00552,551,4,B,27,Truck,1.14,OP-B01,2026-09-02 14:30:00,42.572,3.473,0.04422,Pass,NONE,
VH-00553,552,4,B,28,SUV,1.08,OP-B05,2026-09-02 14:30:00,42.657,3.462,0.03611,Fail,LOW_CONFIDENCE_MULTI_CAUSAL,ST-45
VH-00554,553,4,B,29,Truck,1.14,OP-B04,2026-09-02 14:30:00,41.663,2.92,0.04045,Pass,NONE,
VH-00555,554,4,B,30,Sedan,1.0,OP-B08,2026-09-02 14:30:00,41.705,3.58,0.02375,Fail,LOW_CONFIDENCE_MULTI_CAUSAL,ST-45
VH-00556,555,4,B,31,Sedan,1.0,OP-B04,2026-09-02 14:30:00,42.542,3.407,0.04342,Pass,NONE,
VH-00557,556,4,B,32,Sedan,1.0,OP-B02,2026-09-02 14:30:00,41.615,3.547,0.0496,Pass,NONE,
VH-00558,557,4,B,33,Compact,0.94,OP-B05,2026-09-02 14:30:00,40.156,3.387,0.02198,Pass,NONE,
VH-00559,558,4,B,34,SUV,1.08,OP-B04,2026-09-02 14:30:00,42.068,3.738,0.04193,Pass,NONE,
VH-00560,559,4,B,35,Compact,0.94,OP-B05,2026-09-02 14:30:00,40.868,3.061,0.04196,Pass,NONE,
VH-00561,560,4,B,36,Compact,0.94,OP-B06,2026-09-02 14:30:00,40.449,3.149,0.02873,Pass,NONE,
VH-00562,561,4,B,37,Sedan,1.0,OP-B01,2026-09-02 14:30:00,41.264,3.143,0.03551,Pass,NONE,
VH-00563,562,4,B,38,SUV,1.08,OP-B05,2026-09-02 14:30:00,39.716,3.606,0.0346,Pass,NONE,
VH-00564,563,4,B,39,Compact,0.94,OP-B04,2026-09-02 14:30:00,41.514,3.487,0.03289,Pass,NONE,
VH-00565,564,4,B,40,Sedan,1.0,OP-B04,2026-09-02 14:30:00,42.767,3.351,0.04249,Pass,NONE,
VH-00566,565,4,B,41,Sedan,1.0,OP-B03,2026-09-02 14:30:00,41.156,3.544,0.03438,Pass,NONE,
VH-00567,566,4,B,42,Sedan,1.0,OP-B03,2026-09-02 14:30:00,40.905,3.282,0.0392,Pass,NONE,
VH-00568,567,4,B,43,SUV,1.08,OP-B08,2026-09-02 14:30:00,42.802,3.279,0.04021,Pass,NONE,
VH-00569,568,4,B,44,SUV,1.08,OP-B07,2026-09-02 14:30:00,40.877,3.444,0.03563,Pass,NONE,
VH-00570,569,4,B,45,Compact,0.94,OP-B05,2026-09-02 14:30:00,41.002,3.546,0.02629,Pass,NONE,
VH-00571,570,4,B,46,Sedan,1.0,OP-B05,2026-09-02 14:30:00,42.583,3.11,0.02912,Pass,NONE,
VH-00572,571,4,B,47,SUV,1.08,OP-B01,2026-09-02 14:30:00,41.159,3.726,0.03887,Pass,NONE,
VH-00573,572,4,B,48,Compact,0.94,OP-B06,2026-09-02 14:30:00,40.025,3.023,0.02455,Pass,NONE,
VH-00574,573,4,B,49,SUV,1.08,OP-B06,2026-09-02 14:30:00,40.389,3.055,0.02763,Pass,NONE,
VH-00575,574,4,B,50,Sedan,1.0,OP-B07,2026-09-02 14:30:00,39.507,3.76,0.03354,Pass,NONE,
VH-00576,575,4,B,51,Compact,0.94,OP-B08,2026-09-02 14:30:00,40.046,3.206,0.03089,Pass,NONE,
VH-00577,576,4,B,52,Truck,1.14,OP-B01,2026-09-02 14:30:00,42.159,3.04,0.03777,Pass,NONE,
VH-00578,577,4,B,53,Truck,1.14,OP-B07,2026-09-02 14:30:00,40.311,3.017,0.04572,Pass,NONE,
VH-00579,578,4,B,54,Sedan,1.0,OP-B07,2026-09-02 14:30:00,41.458,3.254,0.03472,Pass,NONE,
VH-00580,579,4,B,55,Compact,0.94,OP-B06,2026-09-02 14:30:00,40.217,2.994,0.03495,Pass,NONE,
VH-00581,580,4,B,56,Sedan,1.0,OP-B04,2026-09-02 14:30:00,41.836,2.928,0.03301,Pass,NONE,
VH-00582,581,4,B,57,Compact,0.94,OP-B04,2026-09-02 14:30:00,40.732,3.247,0.02724,Pass,NONE,
VH-00583,582,4,B,58,Compact,0.94,OP-B01,2026-09-02 14:30:00,40.911,2.687,0.02747,Pass,NONE,
VH-00584,583,4,B,59,SUV,1.08,OP-B04,2026-09-02 14:30:00,40.956,3.174,0.03906,Pass,NONE,
VH-00585,584,4,B,60,Sedan,1.0,OP-B08,2026-09-02 14:30:00,42.183,2.732,0.04041,Pass,NONE,
VH-00586,585,4,B,61,Truck,1.14,OP-B05,2026-09-02 14:30:00,40.203,3.055,0.03594,Pass,NONE,
VH-00587,586,4,B,62,Compact,0.94,OP-B03,2026-09-02 14:30:00,40.692,3.44,0.03365,Pass,NONE,
VH-00588,587,4,B,63,Truck,1.14,OP-B01,2026-09-02 14:30:00,40.549,2.728,0.03466,Pass,NONE,
VH-00589,588,4,B,64,SUV,1.08,OP-B08,2026-09-02 14:30:00,40.15,2.736,0.03545,Pass,NONE,
VH-00590,589,4,B,65,Sedan,1.0,OP-B03,2026-09-02 14:30:00,41.568,2.953,0.03454,Pass,NONE,
VH-00591,590,4,B,66,Sedan,1.0,OP-B02,2026-09-02 14:30:00,41.221,2.863,0.02855,Pass,NONE,
VH-00592,591,4,B,67,Compact,0.94,OP-B06,2026-09-02 14:30:00,40.939,2.878,0.02688,Pass,NONE,
VH-00593,592,4,B,68,Sedan,1.0,OP-B06,2026-09-02 14:30:00,40.723,3.002,0.03927,Pass,NONE,
VH-00594,593,4,B,69,SUV,1.08,OP-B05,2026-09-02 14:30:00,40.974,2.761,0.03728,Pass,NONE,
VH-00595,594,4,B,70,SUV,1.08,OP-B02,2026-09-02 14:30:00,40.771,2.716,0.0377,Pass,NONE,
VH-00596,595,4,B,71,SUV,1.08,OP-B03,2026-09-02 14:30:00,40.485,2.947,0.04892,Pass,NONE,
VH-00597,596,4,B,72,Compact,0.94,OP-B04,2026-09-02 14:30:00,40.499,2.561,0.03188,Pass,NONE,
VH-00598,597,4,B,73,Truck,1.14,OP-B01,2026-09-02 14:30:00,40.923,3.006,0.04089,Pass,NONE,
VH-00599,598,4,B,74,Sedan,1.0,OP-B01,2026-09-02 14:30:00,40.47,2.574,0.02997,Pass,NONE,
VH-00600,599,4,B,75,Sedan,1.0,OP-B02,2026-09-02 14:30:00,39.997,2.457,0.03919,Pass,NONE,
VH-00601,600,5,A,1,Compact,0.94,OP-A03,2026-09-03 06:00:00,38.734,2.441,0.02628,Pass,NONE,
VH-00602,601,5,A,2,Sedan,1.0,OP-A03,2026-09-03 06:00:00,40.264,2.51,0.03241,Pass,NONE,
VH-00603,602,5,A,3,SUV,1.08,OP-A04,2026-09-03 06:00:00,39.072,2.659,0.02479,Pass,NONE,
VH-00604,603,5,A,4,Truck,1.14,OP-A05,2026-09-03 06:00:00,39.365,3.152,0.03181,Pass,NONE,
VH-00605,604,5,A,5,Compact,0.94,OP-A07,2026-09-03 06:00:00,40.644,2.692,0.03621,Pass,NONE,
VH-00606,605,5,A,6,Compact,0.94,OP-A01,2026-09-03 06:00:00,38.296,2.23,0.02657,Pass,NONE,
VH-00607,606,5,A,7,SUV,1.08,OP-A04,2026-09-03 06:00:00,40.612,2.766,0.02982,Pass,NONE,
VH-00608,607,5,A,8,Truck,1.14,OP-A02,2026-09-03 06:00:00,39.744,2.898,0.03627,Pass,NONE,
VH-00609,608,5,A,9,SUV,1.08,OP-A01,2026-09-03 06:00:00,40.341,2.25,0.04758,Pass,NONE,
VH-00610,609,5,A,10,Compact,0.94,OP-A03,2026-09-03 06:00:00,39.388,3.03,0.02812,Pass,NONE,
VH-00611,610,5,A,11,SUV,1.08,OP-A04,2026-09-03 06:00:00,40.716,2.718,0.03573,Pass,NONE,
VH-00612,611,5,A,12,SUV,1.08,OP-A06,2026-09-03 06:00:00,39.781,2.434,0.03397,Pass,NONE,
VH-00613,612,5,A,13,SUV,1.08,OP-A05,2026-09-03 06:00:00,39.222,2.803,0.03986,Pass,NONE,
VH-00614,613,5,A,14,Sedan,1.0,OP-A02,2026-09-03 06:00:00,39.636,3.053,0.02239,Pass,NONE,
VH-00615,614,5,A,15,Compact,0.94,OP-A05,2026-09-03 06:00:00,39.292,2.208,0.02575,Pass,NONE,
VH-00616,615,5,A,16,Sedan,1.0,OP-A03,2026-09-03 06:00:00,39.044,2.727,0.02992,Pass,NONE,
VH-00617,616,5,A,17,SUV,1.08,OP-A02,2026-09-03 06:00:00,39.458,2.416,0.04407,Pass,NONE,
VH-00618,617,5,A,18,Compact,0.94,OP-A01,2026-09-03 06:00:00,41.037,2.595,0.03986,Pass,NONE,
VH-00619,618,5,A,19,Sedan,1.0,OP-A02,2026-09-03 06:00:00,39.972,2.73,0.04733,Pass,NONE,
VH-00620,619,5,A,20,Sedan,1.0,OP-A01,2026-09-03 06:00:00,39.651,2.323,0.02668,Pass,NONE,
VH-00621,620,5,A,21,Sedan,1.0,OP-A03,2026-09-03 06:00:00,38.42,2.053,0.03201,Pass,NONE,
VH-00622,621,5,A,22,Sedan,1.0,OP-A05,2026-09-03 06:00:00,39.378,2.53,0.0317,Pass,NONE,
VH-00623,622,5,A,23,Truck,1.14,OP-A08,2026-09-03 06:00:00,40.257,2.136,0.03447,Pass,NONE,
VH-00624,623,5,A,24,Sedan,1.0,OP-A02,2026-09-03 06:00:00,39.723,2.195,0.03658,Pass,NONE,
VH-00625,624,5,A,25,Compact,0.94,OP-A04,2026-09-03 06:00:00,38.905,2.172,0.03467,Pass,NONE,
VH-00626,625,5,A,26,Truck,1.14,OP-A07,2026-09-03 06:00:00,38.88,2.251,0.03922,Pass,NONE,
VH-00627,626,5,A,27,Compact,0.94,OP-A01,2026-09-03 06:00:00,39.164,2.607,0.03321,Pass,NONE,
VH-00628,627,5,A,28,SUV,1.08,OP-A04,2026-09-03 06:00:00,38.456,2.154,0.06137,Pass,NONE,
VH-00629,628,5,A,29,Compact,0.94,OP-A07,2026-09-03 06:00:00,38.58,2.635,0.03488,Pass,NONE,
VH-00630,629,5,A,30,Compact,0.94,OP-A06,2026-09-03 06:00:00,39.053,2.306,0.02551,Pass,NONE,
VH-00631,630,5,A,31,Sedan,1.0,OP-A04,2026-09-03 06:00:00,40.533,2.408,0.03139,Pass,NONE,
VH-00632,631,5,A,32,Compact,0.94,OP-A03,2026-09-03 06:00:00,38.312,2.453,0.02987,Pass,NONE,
VH-00633,632,5,A,33,Compact,0.94,OP-A08,2026-09-03 06:00:00,39.72,2.96,0.02784,Pass,NONE,
VH-00634,633,5,A,34,Compact,0.94,OP-A01,2026-09-03 06:00:00,39.66,2.633,0.02269,Pass,NONE,
VH-00635,634,5,A,35,SUV,1.08,OP-A03,2026-09-03 06:00:00,39.65,2.143,0.02891,Pass,NONE,
VH-00636,635,5,A,36,SUV,1.08,OP-A04,2026-09-03 06:00:00,39.069,2.105,0.04153,Pass,NONE,
VH-00637,636,5,A,37,SUV,1.08,OP-A01,2026-09-03 06:00:00,40.623,2.06,0.0423,Pass,NONE,
VH-00638,637,5,A,38,Sedan,1.0,OP-A06,2026-09-03 06:00:00,40.039,2.536,0.03713,Pass,NONE,
VH-00639,638,5,A,39,Truck,1.14,OP-A02,2026-09-03 06:00:00,39.064,2.073,0.04864,Pass,NONE,
VH-00640,639,5,A,40,Sedan,1.0,OP-A01,2026-09-03 06:00:00,39.815,2.348,0.03207,Pass,NONE,
VH-00641,640,5,A,41,Compact,0.94,OP-A04,2026-09-03 06:00:00,39.379,2.134,0.03011,Pass,NONE,
VH-00642,641,5,A,42,Sedan,1.0,OP-A08,2026-09-03 06:00:00,39.523,2.301,0.03016,Pass,NONE,
VH-00643,642,5,A,43,Compact,0.94,OP-A04,2026-09-03 06:00:00,40.42,2.296,0.02692,Fail,LOW_CONFIDENCE_MULTI_CAUSAL,ST-45
VH-00644,643,5,A,44,SUV,1.08,OP-A04,2026-09-03 06:00:00,39.276,2.449,0.02138,Pass,NONE,
VH-00645,644,5,A,45,SUV,1.08,OP-A07,2026-09-03 06:00:00,39.663,2.145,0.04362,Pass,NONE,
VH-00646,645,5,A,46,SUV,1.08,OP-A07,2026-09-03 06:00:00,39.318,2.168,0.04454,Pass,NONE,
VH-00647,646,5,A,47,Compact,0.94,OP-A02,2026-09-03 06:00:00,39.49,2.554,0.02753,Pass,NONE,
VH-00648,647,5,A,48,SUV,1.08,OP-A04,2026-09-03 06:00:00,38.967,2.434,0.03231,Pass,NONE,
VH-00649,648,5,A,49,Sedan,1.0,OP-A01,2026-09-03 06:00:00,39.295,2.088,0.03656,Pass,NONE,
VH-00650,649,5,A,50,Truck,1.14,OP-A04,2026-09-03 06:00:00,40.258,2.127,0.04107,Pass,NONE,
VH-00651,650,5,A,51,Compact,0.94,OP-A06,2026-09-03 06:00:00,39.874,2.007,0.02687,Pass,NONE,
VH-00652,651,5,A,52,SUV,1.08,OP-A07,2026-09-03 06:00:00,38.653,2.79,0.0321,Pass,NONE,
VH-00653,652,5,A,53,SUV,1.08,OP-A02,2026-09-03 06:00:00,40.145,2.322,0.04584,Pass,NONE,
VH-00654,653,5,A,54,SUV,1.08,OP-A05,2026-09-03 06:00:00,40.373,1.721,0.03643,Pass,NONE,
VH-00655,654,5,A,55,Sedan,1.0,OP-A03,2026-09-03 06:00:00,40.022,2.213,0.02796,Pass,NONE,
VH-00656,655,5,A,56,Sedan,1.0,OP-A01,2026-09-03 06:00:00,38.793,2.263,0.03952,Pass,NONE,
VH-00657,656,5,A,57,Compact,0.94,OP-A01,2026-09-03 06:00:00,39.456,1.855,0.0213,Pass,NONE,
VH-00658,657,5,A,58,Truck,1.14,OP-A06,2026-09-03 06:00:00,38.771,2.469,0.05155,Pass,NONE,
VH-00659,658,5,A,59,Sedan,1.0,OP-A08,2026-09-03 06:00:00,39.111,2.16,0.03327,Fail,MANUAL_FIT_CHECK_VARIATION,ST-45
VH-00660,659,5,A,60,Compact,0.94,OP-A05,2026-09-03 06:00:00,38.395,2.333,0.02653,Pass,NONE,
VH-00661,660,5,A,61,Sedan,1.0,OP-A08,2026-09-03 06:00:00,39.843,2.438,0.0366,Pass,NONE,
VH-00662,661,5,A,62,Sedan,1.0,OP-A08,2026-09-03 06:00:00,38.623,2.071,0.02041,Pass,NONE,
VH-00663,662,5,A,63,Truck,1.14,OP-A07,2026-09-03 06:00:00,39.835,2.042,0.03591,Pass,NONE,
VH-00664,663,5,A,64,Compact,0.94,OP-A07,2026-09-03 06:00:00,40.576,2.347,0.0322,Pass,NONE,
VH-00665,664,5,A,65,Sedan,1.0,OP-A01,2026-09-03 06:00:00,39.309,2.109,0.02721,Pass,NONE,
VH-00666,665,5,A,66,Compact,0.94,OP-A06,2026-09-03 06:00:00,39.743,2.313,0.03366,Pass,NONE,
VH-00667,666,5,A,67,Compact,0.94,OP-A04,2026-09-03 06:00:00,40.678,2.248,0.03347,Pass,NONE,
VH-00668,667,5,A,68,SUV,1.08,OP-A05,2026-09-03 06:00:00,40.288,2.252,0.03954,Pass,NONE,
VH-00669,668,5,A,69,Sedan,1.0,OP-A08,2026-09-03 06:00:00,39.877,2.122,0.02079,Pass,NONE,
VH-00670,669,5,A,70,Truck,1.14,OP-A07,2026-09-03 06:00:00,38.834,2.06,0.05058,Pass,NONE,
VH-00671,670,5,A,71,Compact,0.94,OP-A04,2026-09-03 06:00:00,39.822,2.115,0.03677,Pass,NONE,
VH-00672,671,5,A,72,Compact,0.94,OP-A01,2026-09-03 06:00:00,39.649,2.041,0.02842,Pass,NONE,
VH-00673,672,5,A,73,Truck,1.14,OP-A04,2026-09-03 06:00:00,39.161,2.286,0.04851,Pass,NONE,
VH-00674,673,5,A,74,SUV,1.08,OP-A04,2026-09-03 06:00:00,39.405,2.377,0.03074,Pass,NONE,
VH-00675,674,5,A,75,SUV,1.08,OP-A03,2026-09-03 06:00:00,39.228,2.28,0.0393,Pass,NONE,
VH-00676,675,5,B,1,SUV,1.08,OP-B03,2026-09-03 14:30:00,41.098,2.218,0.04791,Pass,NONE,
VH-00677,676,5,B,2,SUV,1.08,OP-B02,2026-09-03 14:30:00,39.578,1.873,0.04284,Pass,NONE,
VH-00678,677,5,B,3,SUV,1.08,OP-B02,2026-09-03 14:30:00,40.738,2.135,0.0383,Pass,NONE,
VH-00679,678,5,B,4,Compact,0.94,OP-B05,2026-09-03 14:30:00,40.269,1.932,0.04267,Pass,NONE,
VH-00680,679,5,B,5,Sedan,1.0,OP-B01,2026-09-03 14:30:00,40.215,2.205,0.02783,Pass,NONE,
VH-00681,680,5,B,6,SUV,1.08,OP-B01,2026-09-03 14:30:00,40.74,1.855,0.03461,Pass,NONE,
VH-00682,681,5,B,7,SUV,1.08,OP-B05,2026-09-03 14:30:00,40.432,1.886,0.03616,Pass,NONE,
VH-00683,682,5,B,8,Compact,0.94,OP-B02,2026-09-03 14:30:00,40.34,1.955,0.03179,Pass,NONE,
VH-00684,683,5,B,9,Compact,0.94,OP-B05,2026-09-03 14:30:00,38.633,2.393,0.03412,Pass,NONE,
VH-00685,684,5,B,10,Compact,0.94,OP-B08,2026-09-03 14:30:00,40.53,2.245,0.02526,Pass,NONE,
VH-00686,685,5,B,11,Sedan,1.0,OP-B07,2026-09-03 14:30:00,40.393,1.928,0.02315,Pass,NONE,
VH-00687,686,5,B,12,Compact,0.94,OP-B08,2026-09-03 14:30:00,38.683,2.01,0.03292,Pass,NONE,
VH-00688,687,5,B,13,Compact,0.94,OP-B08,2026-09-03 14:30:00,40.375,2.091,0.04433,Pass,NONE,
VH-00689,688,5,B,14,Compact,0.94,OP-B02,2026-09-03 14:30:00,40.371,1.748,0.0261,Pass,NONE,
VH-00690,689,5,B,15,Compact,0.94,OP-B05,2026-09-03 14:30:00,40.128,2.106,0.02976,Pass,NONE,
VH-00691,690,5,B,16,SUV,1.08,OP-B02,2026-09-03 14:30:00,39.381,1.988,0.03289,Pass,NONE,
VH-00692,691,5,B,17,SUV,1.08,OP-B07,2026-09-03 14:30:00,39.556,2.143,0.04333,Pass,NONE,
VH-00693,692,5,B,18,SUV,1.08,OP-B01,2026-09-03 14:30:00,41.251,2.179,0.02475,Pass,NONE,
VH-00694,693,5,B,19,Sedan,1.0,OP-B04,2026-09-03 14:30:00,40.12,1.756,0.02726,Pass,NONE,
VH-00695,694,5,B,20,Compact,0.94,OP-B02,2026-09-03 14:30:00,40.492,2.228,0.02373,Pass,NONE,
VH-00696,695,5,B,21,Sedan,1.0,OP-B03,2026-09-03 14:30:00,41.568,1.945,0.0289,Pass,NONE,
VH-00697,696,5,B,22,Compact,0.94,OP-B04,2026-09-03 14:30:00,39.82,1.992,0.02864,Pass,NONE,
VH-00698,697,5,B,23,Compact,0.94,OP-B03,2026-09-03 14:30:00,40.655,2.04,0.02837,Pass,NONE,
VH-00699,698,5,B,24,SUV,1.08,OP-B07,2026-09-03 14:30:00,40.604,1.99,0.0343,Pass,NONE,
VH-00700,699,5,B,25,SUV,1.08,OP-B07,2026-09-03 14:30:00,40.024,2.215,0.03352,Pass,NONE,
VH-00701,700,5,B,26,Sedan,1.0,OP-B06,2026-09-03 14:30:00,40.06,2.194,0.0341,Pass,NONE,
VH-00702,701,5,B,27,Compact,0.94,OP-B05,2026-09-03 14:30:00,40.134,2.507,0.03977,Pass,NONE,
VH-00703,702,5,B,28,SUV,1.08,OP-B01,2026-09-03 14:30:00,39.532,2.107,0.03744,Pass,NONE,
VH-00704,703,5,B,29,Sedan,1.0,OP-B07,2026-09-03 14:30:00,39.731,2.2,0.03131,Pass,NONE,
VH-00705,704,5,B,30,Compact,0.94,OP-B06,2026-09-03 14:30:00,40.524,1.939,0.03074,Pass,NONE,
VH-00706,705,5,B,31,Sedan,1.0,OP-B01,2026-09-03 14:30:00,39.883,2.256,0.02971,Pass,NONE,
VH-00707,706,5,B,32,Sedan,1.0,OP-B04,2026-09-03 14:30:00,40.969,2.548,0.03291,Pass,NONE,
VH-00708,707,5,B,33,Compact,0.94,OP-B02,2026-09-03 14:30:00,38.883,2.253,0.02396,Pass,NONE,
VH-00709,708,5,B,34,SUV,1.08,OP-B08,2026-09-03 14:30:00,40.907,2.16,0.03437,Pass,NONE,
VH-00710,709,5,B,35,Compact,0.94,OP-B04,2026-09-03 14:30:00,40.107,2.202,0.02511,Pass,NONE,
VH-00711,710,5,B,36,Compact,0.94,OP-B01,2026-09-03 14:30:00,39.959,2.138,0.03517,Pass,NONE,
VH-00712,711,5,B,37,Sedan,1.0,OP-B07,2026-09-03 14:30:00,40.331,2.232,0.03835,Pass,NONE,
VH-00713,712,5,B,38,SUV,1.08,OP-B08,2026-09-03 14:30:00,40.991,2.222,0.03814,Pass,NONE,
VH-00714,713,5,B,39,Compact,0.94,OP-B05,2026-09-03 14:30:00,40.236,2.151,0.02489,Pass,NONE,
VH-00715,714,5,B,40,Compact,0.94,OP-B06,2026-09-03 14:30:00,41.444,2.05,0.03136,Pass,NONE,
VH-00716,715,5,B,41,Compact,0.94,OP-B06,2026-09-03 14:30:00,40.263,1.972,0.0301,Pass,NONE,
VH-00717,716,5,B,42,SUV,1.08,OP-B06,2026-09-03 14:30:00,41.269,1.821,0.03496,Pass,NONE,
VH-00718,717,5,B,43,Compact,0.94,OP-B05,2026-09-03 14:30:00,39.948,1.794,0.03238,Pass,NONE,
VH-00719,718,5,B,44,Compact,0.94,OP-B08,2026-09-03 14:30:00,41.186,2.337,0.02911,Pass,NONE,
VH-00720,719,5,B,45,SUV,1.08,OP-B08,2026-09-03 14:30:00,38.942,2.128,0.04105,Pass,NONE,
VH-00721,720,5,B,46,SUV,1.08,OP-B01,2026-09-03 14:30:00,40.462,1.841,0.03772,Pass,NONE,
VH-00722,721,5,B,47,SUV,1.08,OP-B05,2026-09-03 14:30:00,39.733,2.001,0.02973,Pass,NONE,
VH-00723,722,5,B,48,SUV,1.08,OP-B04,2026-09-03 14:30:00,40.53,2.449,0.02698,Pass,NONE,
VH-00724,723,5,B,49,SUV,1.08,OP-B05,2026-09-03 14:30:00,39.655,2.342,0.0363,Pass,NONE,
VH-00725,724,5,B,50,Truck,1.14,OP-B05,2026-09-03 14:30:00,40.048,2.052,0.05344,Pass,NONE,
VH-00726,725,5,B,51,Sedan,1.0,OP-B03,2026-09-03 14:30:00,41.009,2.027,0.0397,Pass,NONE,
VH-00727,726,5,B,52,Sedan,1.0,OP-B06,2026-09-03 14:30:00,40.603,2.174,0.02558,Pass,NONE,
VH-00728,727,5,B,53,Sedan,1.0,OP-B04,2026-09-03 14:30:00,39.725,2.178,0.03567,Pass,NONE,
VH-00729,728,5,B,54,SUV,1.08,OP-B03,2026-09-03 14:30:00,40.396,2.15,0.03765,Pass,NONE,
VH-00730,729,5,B,55,Truck,1.14,OP-B03,2026-09-03 14:30:00,40.493,2.347,0.04179,Pass,NONE,
VH-00731,730,5,B,56,Sedan,1.0,OP-B02,2026-09-03 14:30:00,40.231,2.209,0.02394,Pass,NONE,
VH-00732,731,5,B,57,Compact,0.94,OP-B01,2026-09-03 14:30:00,40.023,2.016,0.03998,Pass,NONE,
VH-00733,732,5,B,58,Compact,0.94,OP-B07,2026-09-03 14:30:00,39.207,1.862,0.03138,Pass,NONE,
VH-00734,733,5,B,59,Sedan,1.0,OP-B03,2026-09-03 14:30:00,41.955,1.89,0.03225,Pass,NONE,
VH-00735,734,5,B,60,Sedan,1.0,OP-B04,2026-09-03 14:30:00,41.114,2.078,0.02719,Pass,NONE,
VH-00736,735,5,B,61,SUV,1.08,OP-B05,2026-09-03 14:30:00,40.672,2.228,0.04027,Pass,NONE,
VH-00737,736,5,B,62,Compact,0.94,OP-B02,2026-09-03 14:30:00,42.013,1.89,0.03185,Pass,NONE,
VH-00738,737,5,B,63,Compact,0.94,OP-B05,2026-09-03 14:30:00,40.313,2.172,0.03221,Pass,NONE,
VH-00739,738,5,B,64,Sedan,1.0,OP-B02,2026-09-03 14:30:00,40.718,1.967,0.03142,Pass,NONE,
VH-00740,739,5,B,65,Sedan,1.0,OP-B03,2026-09-03 14:30:00,39.157,2.127,0.03214,Pass,NONE,
VH-00741,740,5,B,66,Sedan,1.0,OP-B06,2026-09-03 14:30:00,40.574,2.056,0.03515,Pass,NONE,
VH-00742,741,5,B,67,Compact,0.94,OP-B02,2026-09-03 14:30:00,40.323,1.827,0.02738,Pass,NONE,
VH-00743,742,5,B,68,SUV,1.08,OP-B03,2026-09-03 14:30:00,40.504,1.818,0.03587,Pass,NONE,
VH-00744,743,5,B,69,SUV,1.08,OP-B07,2026-09-03 14:30:00,40.189,1.933,0.02863,Pass,NONE,
VH-00745,744,5,B,70,SUV,1.08,OP-B08,2026-09-03 14:30:00,40.401,2.566,0.0447,Pass,NONE,
VH-00746,745,5,B,71,SUV,1.08,OP-B03,2026-09-03 14:30:00,40.502,2.167,0.04472,Pass,NONE,
VH-00747,746,5,B,72,Compact,0.94,OP-B04,2026-09-03 14:30:00,41.081,1.849,0.02713,Pass,NONE,
VH-00748,747,5,B,73,Compact,0.94,OP-B08,2026-09-03 14:30:00,40.574,1.887,0.03438,Pass,NONE,
VH-00749,748,5,B,74,Compact,0.94,OP-B01,2026-09-03 14:30:00,39.409,2.009,0.02302,Pass,NONE,
VH-00750,749,5,B,75,Sedan,1.0,OP-B02,2026-09-03 14:30:00,40.53,2.126,0.02779,Pass,NONE,
VH-00751,750,6,A,1,Sedan,1.0,OP-A02,2026-09-04 06:00:00,39.232,1.981,0.02969,Pass,NONE,
VH-00752,751,6,A,2,Compact,0.94,OP-A06,2026-09-04 06:00:00,39.001,2.317,0.02545,Pass,NONE,
VH-00753,752,6,A,3,SUV,1.08,OP-A08,2026-09-04 06:00:00,40.775,2.241,0.03086,Pass,NONE,
VH-00754,753,6,A,4,Truck,1.14,OP-A02,2026-09-04 06:00:00,38.452,2.132,0.04121,Pass,NONE,
VH-00755,754,6,A,5,SUV,1.08,OP-A07,2026-09-04 06:00:00,39.473,2.291,0.03344,Pass,NONE,
VH-00756,755,6,A,6,SUV,1.08,OP-A04,2026-09-04 06:00:00,39.847,2.033,0.03892,Pass,NONE,
VH-00757,756,6,A,7,Compact,0.94,OP-A07,2026-09-04 06:00:00,40.428,2.506,0.03701,Pass,NONE,
VH-00758,757,6,A,8,Compact,0.94,OP-A04,2026-09-04 06:00:00,39.89,2.191,0.02721,Fail,LOW_CONFIDENCE_MULTI_CAUSAL,ST-45
VH-00759,758,6,A,9,SUV,1.08,OP-A06,2026-09-04 06:00:00,39.245,2.178,0.03996,Pass,NONE,
VH-00760,759,6,A,10,SUV,1.08,OP-A01,2026-09-04 06:00:00,38.82,1.897,0.03308,Pass,NONE,
VH-00761,760,6,A,11,SUV,1.08,OP-A08,2026-09-04 06:00:00,38.983,2.509,0.03935,Pass,NONE,
VH-00762,761,6,A,12,SUV,1.08,OP-A08,2026-09-04 06:00:00,39.064,2.181,0.03563,Pass,NONE,
VH-00763,762,6,A,13,Sedan,1.0,OP-A08,2026-09-04 06:00:00,39.765,2.027,0.02956,Pass,NONE,
VH-00764,763,6,A,14,Truck,1.14,OP-A03,2026-09-04 06:00:00,38.162,1.868,0.05137,Pass,NONE,
VH-00765,764,6,A,15,Sedan,1.0,OP-A02,2026-09-04 06:00:00,40.049,2.202,0.02733,Pass,NONE,
VH-00766,765,6,A,16,Compact,0.94,OP-A01,2026-09-04 06:00:00,38.037,1.764,0.03817,Pass,NONE,
VH-00767,766,6,A,17,Compact,0.94,OP-A05,2026-09-04 06:00:00,38.487,1.743,0.02576,Pass,NONE,
VH-00768,767,6,A,18,Sedan,1.0,OP-A03,2026-09-04 06:00:00,39.279,1.85,0.02983,Pass,NONE,
VH-00769,768,6,A,19,Compact,0.94,OP-A06,2026-09-04 06:00:00,38.331,1.985,0.02278,Pass,NONE,
VH-00770,769,6,A,20,SUV,1.08,OP-A04,2026-09-04 06:00:00,39.678,2.248,0.03277,Pass,NONE,
VH-00771,770,6,A,21,Sedan,1.0,OP-A06,2026-09-04 06:00:00,39.577,2.119,0.03936,Pass,NONE,
VH-00772,771,6,A,22,SUV,1.08,OP-A06,2026-09-04 06:00:00,40.118,1.915,0.03144,Pass,NONE,
VH-00773,772,6,A,23,Compact,0.94,OP-A06,2026-09-04 06:00:00,40.2,2.139,0.03155,Pass,NONE,
VH-00774,773,6,A,24,Sedan,1.0,OP-A02,2026-09-04 06:00:00,39.053,2.737,0.03153,Pass,NONE,
VH-00775,774,6,A,25,Sedan,1.0,OP-A03,2026-09-04 06:00:00,39.849,2.292,0.03288,Pass,NONE,
VH-00776,775,6,A,26,Compact,0.94,OP-A04,2026-09-04 06:00:00,39.901,2.143,0.03605,Pass,NONE,
VH-00777,776,6,A,27,Sedan,1.0,OP-A05,2026-09-04 06:00:00,38.634,2.123,0.02897,Pass,NONE,
VH-00778,777,6,A,28,Sedan,1.0,OP-A01,2026-09-04 06:00:00,39.668,2.093,0.02917,Pass,NONE,
VH-00779,778,6,A,29,Compact,0.94,OP-A01,2026-09-04 06:00:00,39.039,2.175,0.01855,Pass,NONE,
VH-00780,779,6,A,30,Sedan,1.0,OP-A08,2026-09-04 06:00:00,40.71,2.194,0.02977,Pass,NONE,
VH-00781,780,6,A,31,Compact,0.94,OP-A01,2026-09-04 06:00:00,40.497,1.788,0.03536,Pass,NONE,
VH-00782,781,6,A,32,SUV,1.08,OP-A06,2026-09-04 06:00:00,40.271,2.182,0.03055,Pass,NONE,
VH-00783,782,6,A,33,SUV,1.08,OP-A08,2026-09-04 06:00:00,37.918,2.027,0.05027,Pass,NONE,
VH-00784,783,6,A,34,Sedan,1.0,OP-A04,2026-09-04 06:00:00,38.685,1.913,0.0261,Pass,NONE,
VH-00785,784,6,A,35,Sedan,1.0,OP-A03,2026-09-04 06:00:00,39.711,2.23,0.03096,Pass,NONE,
VH-00786,785,6,A,36,SUV,1.08,OP-A08,2026-09-04 06:00:00,39.098,2.238,0.04761,Pass,NONE,
VH-00787,786,6,A,37,SUV,1.08,OP-A08,2026-09-04 06:00:00,39.334,2.013,0.04278,Pass,NONE,
VH-00788,787,6,A,38,Truck,1.14,OP-A05,2026-09-04 06:00:00,38.931,2.064,0.04614,Pass,NONE,
VH-00789,788,6,A,39,Truck,1.14,OP-A01,2026-09-04 06:00:00,38.437,1.74,0.04734,Pass,NONE,
VH-00790,789,6,A,40,Sedan,1.0,OP-A06,2026-09-04 06:00:00,39.655,1.886,0.03376,Pass,NONE,
VH-00791,790,6,A,41,Sedan,1.0,OP-A02,2026-09-04 06:00:00,40.64,2.027,0.03623,Pass,NONE,
VH-00792,791,6,A,42,Sedan,1.0,OP-A01,2026-09-04 06:00:00,39.701,2.205,0.02655,Pass,NONE,
VH-00793,792,6,A,43,Truck,1.14,OP-A07,2026-09-04 06:00:00,39.984,2.3,0.03277,Pass,NONE,
VH-00794,793,6,A,44,Sedan,1.0,OP-A01,2026-09-04 06:00:00,40.214,1.735,0.04037,Pass,NONE,
VH-00795,794,6,A,45,SUV,1.08,OP-A07,2026-09-04 06:00:00,38.72,2.182,0.04145,Pass,NONE,
VH-00796,795,6,A,46,Sedan,1.0,OP-A03,2026-09-04 06:00:00,39.854,1.933,0.03281,Pass,NONE,
VH-00797,796,6,A,47,SUV,1.08,OP-A08,2026-09-04 06:00:00,38.853,2.246,0.04113,Pass,NONE,
VH-00798,797,6,A,48,Sedan,1.0,OP-A03,2026-09-04 06:00:00,39.874,2.131,0.03259,Pass,NONE,
VH-00799,798,6,A,49,SUV,1.08,OP-A04,2026-09-04 06:00:00,38.679,1.994,0.03326,Pass,NONE,
VH-00800,799,6,A,50,Sedan,1.0,OP-A05,2026-09-04 06:00:00,38.826,2.078,0.03071,Pass,NONE,
VH-00801,800,6,A,51,SUV,1.08,OP-A03,2026-09-04 06:00:00,39.72,2.021,0.03736,Pass,NONE,
VH-00802,801,6,A,52,Truck,1.14,OP-A08,2026-09-04 06:00:00,38.629,1.968,0.04893,Pass,NONE,
VH-00803,802,6,A,53,Sedan,1.0,OP-A04,2026-09-04 06:00:00,38.868,2.082,0.03119,Pass,NONE,
VH-00804,803,6,A,54,Compact,0.94,OP-A04,2026-09-04 06:00:00,39.598,1.977,0.02818,Pass,NONE,
VH-00805,804,6,A,55,Compact,0.94,OP-A05,2026-09-04 06:00:00,39.913,1.943,0.03829,Pass,NONE,
VH-00806,805,6,A,56,Sedan,1.0,OP-A07,2026-09-04 06:00:00,39.816,2.272,0.03643,Pass,NONE,
VH-00807,806,6,A,57,Compact,0.94,OP-A08,2026-09-04 06:00:00,38.391,2.095,0.0299,Pass,NONE,
VH-00808,807,6,A,58,Truck,1.14,OP-A05,2026-09-04 06:00:00,40.208,2.057,0.03524,Pass,NONE,
VH-00809,808,6,A,59,Compact,0.94,OP-A07,2026-09-04 06:00:00,38.551,2.234,0.03085,Pass,NONE,
VH-00810,809,6,A,60,SUV,1.08,OP-A02,2026-09-04 06:00:00,39.963,2.252,0.04118,Pass,NONE,
VH-00811,810,6,A,61,Truck,1.14,OP-A08,2026-09-04 06:00:00,39.856,2.064,0.03136,Pass,NONE,
VH-00812,811,6,A,62,Compact,0.94,OP-A08,2026-09-04 06:00:00,39.186,2.211,0.03181,Pass,NONE,
VH-00813,812,6,A,63,Compact,0.94,OP-A08,2026-09-04 06:00:00,39.518,1.531,0.03394,Pass,NONE,
VH-00814,813,6,A,64,Truck,1.14,OP-A07,2026-09-04 06:00:00,40.604,2.442,0.03072,Pass,NONE,
VH-00815,814,6,A,65,SUV,1.08,OP-A08,2026-09-04 06:00:00,38.811,2.109,0.0412,Pass,NONE,
VH-00816,815,6,A,66,Sedan,1.0,OP-A02,2026-09-04 06:00:00,38.564,2.06,0.02518,Pass,NONE,
VH-00817,816,6,A,67,Compact,0.94,OP-A08,2026-09-04 06:00:00,38.387,2.134,0.02728,Pass,NONE,
VH-00818,817,6,A,68,Compact,0.94,OP-A03,2026-09-04 06:00:00,41.26,1.893,0.0319,Pass,NONE,
VH-00819,818,6,A,69,Compact,0.94,OP-A03,2026-09-04 06:00:00,39.552,1.934,0.03244,Pass,NONE,
VH-00820,819,6,A,70,SUV,1.08,OP-A06,2026-09-04 06:00:00,38.974,2.129,0.03521,Pass,NONE,
VH-00821,820,6,A,71,Truck,1.14,OP-A06,2026-09-04 06:00:00,40.537,2.204,0.04579,Pass,NONE,
VH-00822,821,6,A,72,Sedan,1.0,OP-A02,2026-09-04 06:00:00,40.651,1.93,0.03994,Pass,NONE,
VH-00823,822,6,A,73,SUV,1.08,OP-A08,2026-09-04 06:00:00,39.204,2.025,0.03286,Pass,NONE,
VH-00824,823,6,A,74,Compact,0.94,OP-A04,2026-09-04 06:00:00,39.145,1.918,0.03568,Pass,NONE,
VH-00825,824,6,A,75,SUV,1.08,OP-A03,2026-09-04 06:00:00,39.006,1.844,0.03224,Pass,NONE,
VH-00826,825,6,B,1,Compact,0.94,OP-B07,2026-09-04 14:30:00,40.545,2.058,0.02669,Pass,NONE,
VH-00827,826,6,B,2,Truck,1.14,OP-B06,2026-09-04 14:30:00,40.127,2.345,0.03294,Pass,NONE,
VH-00828,827,6,B,3,Compact,0.94,OP-B07,2026-09-04 14:30:00,41.414,2.07,0.02412,Pass,NONE,
VH-00829,828,6,B,4,Truck,1.14,OP-B07,2026-09-04 14:30:00,40.181,2.103,0.03761,Pass,NONE,
VH-00830,829,6,B,5,SUV,1.08,OP-B03,2026-09-04 14:30:00,41.341,2.141,0.02876,Pass,NONE,
VH-00831,830,6,B,6,Truck,1.14,OP-B08,2026-09-04 14:30:00,40.092,2.246,0.03084,Pass,NONE,
VH-00832,831,6,B,7,Truck,1.14,OP-B08,2026-09-04 14:30:00,41.676,2.193,0.05738,Fail,LOW_CONFIDENCE_MULTI_CAUSAL,ST-45
VH-00833,832,6,B,8,Sedan,1.0,OP-B08,2026-09-04 14:30:00,40.762,1.693,0.02646,Pass,NONE,
VH-00834,833,6,B,9,SUV,1.08,OP-B05,2026-09-04 14:30:00,41.745,2.092,0.04214,Pass,NONE,
VH-00835,834,6,B,10,Sedan,1.0,OP-B02,2026-09-04 14:30:00,38.967,2.215,0.04121,Pass,NONE,
VH-00836,835,6,B,11,SUV,1.08,OP-B05,2026-09-04 14:30:00,40.094,2.13,0.03066,Pass,NONE,
VH-00837,836,6,B,12,Truck,1.14,OP-B08,2026-09-04 14:30:00,41.173,1.943,0.04872,Pass,NONE,
VH-00838,837,6,B,13,Sedan,1.0,OP-B05,2026-09-04 14:30:00,40.524,1.978,0.03329,Pass,NONE,
VH-00839,838,6,B,14,SUV,1.08,OP-B05,2026-09-04 14:30:00,40.449,2.2,0.03662,Fail,LOW_CONFIDENCE_MULTI_CAUSAL,ST-45
VH-00840,839,6,B,15,Compact,0.94,OP-B07,2026-09-04 14:30:00,41.163,2.309,0.03243,Pass,NONE,
VH-00841,840,6,B,16,SUV,1.08,OP-B05,2026-09-04 14:30:00,40.89,2.003,0.0338,Pass,NONE,
VH-00842,841,6,B,17,SUV,1.08,OP-B06,2026-09-04 14:30:00,40.3,1.933,0.04532,Pass,NONE,
VH-00843,842,6,B,18,Sedan,1.0,OP-B08,2026-09-04 14:30:00,41.2,2.298,0.03977,Pass,NONE,
VH-00844,843,6,B,19,Truck,1.14,OP-B04,2026-09-04 14:30:00,39.729,2.043,0.05226,Pass,NONE,
VH-00845,844,6,B,20,SUV,1.08,OP-B06,2026-09-04 14:30:00,40.121,1.912,0.04975,Pass,NONE,
VH-00846,845,6,B,21,Truck,1.14,OP-B01,2026-09-04 14:30:00,40.681,2.045,0.06385,Pass,NONE,
VH-00847,846,6,B,22,SUV,1.08,OP-B08,2026-09-04 14:30:00,40.328,1.958,0.03736,Pass,NONE,
VH-00848,847,6,B,23,Truck,1.14,OP-B04,2026-09-04 14:30:00,40.269,2.297,0.03938,Pass,NONE,
VH-00849,848,6,B,24,SUV,1.08,OP-B01,2026-09-04 14:30:00,40.16,2.013,0.0343,Pass,NONE,
VH-00850,849,6,B,25,Sedan,1.0,OP-B02,2026-09-04 14:30:00,40.279,1.983,0.02964,Pass,NONE,
VH-00851,850,6,B,26,SUV,1.08,OP-B03,2026-09-04 14:30:00,40.131,1.878,0.0439,Pass,NONE,
VH-00852,851,6,B,27,Truck,1.14,OP-B06,2026-09-04 14:30:00,40.49,2.065,0.029,Pass,NONE,
VH-00853,852,6,B,28,Compact,0.94,OP-B08,2026-09-04 14:30:00,40.801,1.901,0.02615,Pass,NONE,
VH-00854,853,6,B,29,Sedan,1.0,OP-B06,2026-09-04 14:30:00,41.157,1.97,0.02263,Pass,NONE,
VH-00855,854,6,B,30,SUV,1.08,OP-B07,2026-09-04 14:30:00,40.643,2.11,0.0477,Pass,NONE,
VH-00856,855,6,B,31,SUV,1.08,OP-B04,2026-09-04 14:30:00,39.771,1.95,0.04627,Pass,NONE,
VH-00857,856,6,B,32,Truck,1.14,OP-B03,2026-09-04 14:30:00,40.07,1.684,0.03982,Pass,NONE,
VH-00858,857,6,B,33,Compact,0.94,OP-B04,2026-09-04 14:30:00,39.437,2.195,0.02959,Pass,NONE,
VH-00859,858,6,B,34,Sedan,1.0,OP-B03,2026-09-04 14:30:00,39.896,2.169,0.03635,Pass,NONE,
VH-00860,859,6,B,35,Compact,0.94,OP-B03,2026-09-04 14:30:00,40.859,2.054,0.02915,Pass,NONE,
VH-00861,860,6,B,36,Compact,0.94,OP-B05,2026-09-04 14:30:00,39.692,2.018,0.0338,Pass,NONE,
VH-00862,861,6,B,37,Truck,1.14,OP-B07,2026-09-04 14:30:00,40.583,1.847,0.03882,Pass,NONE,
VH-00863,862,6,B,38,Compact,0.94,OP-B05,2026-09-04 14:30:00,41.361,1.853,0.03579,Pass,NONE,
VH-00864,863,6,B,39,Compact,0.94,OP-B07,2026-09-04 14:30:00,38.95,2.18,0.03087,Pass,NONE,
VH-00865,864,6,B,40,Compact,0.94,OP-B08,2026-09-04 14:30:00,38.972,2.243,0.0352,Pass,NONE,
VH-00866,865,6,B,41,SUV,1.08,OP-B07,2026-09-04 14:30:00,39.714,1.753,0.04015,Pass,NONE,
VH-00867,866,6,B,42,SUV,1.08,OP-B08,2026-09-04 14:30:00,41.474,1.842,0.0327,Pass,NONE,
VH-00868,867,6,B,43,Sedan,1.0,OP-B05,2026-09-04 14:30:00,39.607,2.478,0.03148,Pass,NONE,
VH-00869,868,6,B,44,Truck,1.14,OP-B01,2026-09-04 14:30:00,40.517,2.239,0.03644,Pass,NONE,
VH-00870,869,6,B,45,Sedan,1.0,OP-B07,2026-09-04 14:30:00,39.56,1.8,0.0247,Pass,NONE,
VH-00871,870,6,B,46,Compact,0.94,OP-B05,2026-09-04 14:30:00,40.091,1.935,0.02535,Pass,NONE,
VH-00872,871,6,B,47,Compact,0.94,OP-B06,2026-09-04 14:30:00,40.388,2.204,0.02906,Fail,LOW_CONFIDENCE_MULTI_CAUSAL,ST-45
VH-00873,872,6,B,48,Truck,1.14,OP-B07,2026-09-04 14:30:00,40.595,2.32,0.04503,Pass,NONE,
VH-00874,873,6,B,49,Sedan,1.0,OP-B04,2026-09-04 14:30:00,39.636,2.179,0.04127,Pass,NONE,
VH-00875,874,6,B,50,Compact,0.94,OP-B05,2026-09-04 14:30:00,40.601,2.415,0.02929,Pass,NONE,
VH-00876,875,6,B,51,SUV,1.08,OP-B04,2026-09-04 14:30:00,39.7,2.17,0.04834,Pass,NONE,
VH-00877,876,6,B,52,Sedan,1.0,OP-B08,2026-09-04 14:30:00,40.869,2.237,0.02413,Pass,NONE,
VH-00878,877,6,B,53,Sedan,1.0,OP-B01,2026-09-04 14:30:00,40.364,1.838,0.03792,Pass,NONE,
VH-00879,878,6,B,54,Sedan,1.0,OP-B01,2026-09-04 14:30:00,39.504,2.314,0.02657,Pass,NONE,
VH-00880,879,6,B,55,SUV,1.08,OP-B07,2026-09-04 14:30:00,40.846,2.126,0.03987,Pass,NONE,
VH-00881,880,6,B,56,SUV,1.08,OP-B07,2026-09-04 14:30:00,39.125,2.353,0.03188,Pass,NONE,
VH-00882,881,6,B,57,Compact,0.94,OP-B03,2026-09-04 14:30:00,39.451,1.976,0.035,Pass,NONE,
VH-00883,882,6,B,58,Truck,1.14,OP-B02,2026-09-04 14:30:00,38.639,1.838,0.05368,Fail,LOW_CONFIDENCE_MULTI_CAUSAL,ST-45
VH-00884,883,6,B,59,Sedan,1.0,OP-B03,2026-09-04 14:30:00,40.056,1.716,0.03201,Pass,NONE,
VH-00885,884,6,B,60,Compact,0.94,OP-B03,2026-09-04 14:30:00,41.373,1.937,0.02448,Pass,NONE,
VH-00886,885,6,B,61,SUV,1.08,OP-B02,2026-09-04 14:30:00,39.886,2.149,0.03638,Pass,NONE,
VH-00887,886,6,B,62,Compact,0.94,OP-B07,2026-09-04 14:30:00,39.654,1.957,0.03398,Pass,NONE,
VH-00888,887,6,B,63,Sedan,1.0,OP-B02,2026-09-04 14:30:00,40.11,2.243,0.02775,Pass,NONE,
VH-00889,888,6,B,64,Sedan,1.0,OP-B08,2026-09-04 14:30:00,39.39,1.77,0.02827,Pass,NONE,
VH-00890,889,6,B,65,Compact,0.94,OP-B06,2026-09-04 14:30:00,40.429,2.264,0.02596,Pass,NONE,
VH-00891,890,6,B,66,Sedan,1.0,OP-B03,2026-09-04 14:30:00,40.691,1.858,0.0379,Pass,NONE,
VH-00892,891,6,B,67,SUV,1.08,OP-B01,2026-09-04 14:30:00,40.606,1.776,0.04144,Pass,NONE,
VH-00893,892,6,B,68,SUV,1.08,OP-B06,2026-09-04 14:30:00,39.803,2.428,0.03503,Pass,NONE,
VH-00894,893,6,B,69,SUV,1.08,OP-B07,2026-09-04 14:30:00,41.384,1.884,0.03532,Pass,NONE,
VH-00895,894,6,B,70,Truck,1.14,OP-B08,2026-09-04 14:30:00,39.454,2.303,0.03364,Pass,NONE,
VH-00896,895,6,B,71,SUV,1.08,OP-B03,2026-09-04 14:30:00,39.863,2.418,0.03967,Pass,NONE,
VH-00897,896,6,B,72,Compact,0.94,OP-B01,2026-09-04 14:30:00,39.425,2.19,0.0274,Pass,NONE,
VH-00898,897,6,B,73,SUV,1.08,OP-B02,2026-09-04 14:30:00,40.256,2.634,0.03579,Pass,NONE,
VH-00899,898,6,B,74,Truck,1.14,OP-B04,2026-09-04 14:30:00,39.429,2.012,0.04333,Pass,NONE,
VH-00900,899,6,B,75,Sedan,1.0,OP-B01,2026-09-04 14:30:00,41.146,1.586,0.03248,Pass,NONE,
