unit_id,defect_risk_score,defect_flag
558,0.9898674239785302,True
548,0.9876483955432628,True
544,0.9873567094059083,True
529,0.9866708769040294,True
537,0.9781086076358697,True
559,0.9776298446021076,True
556,0.977074913951777,False
302,0.9758485500925935,True
316,0.9754787215209355,True
552,0.9749809955789049,True
536,0.9733558132759443,True
336,0.9651648490640078,True
338,0.961871464879876,True
333,0.9582008597024457,True
539,0.9574744392943939,True
542,0.9431861523095407,True
557,0.9387819859625861,True
335,0.935307800989677,True
535,0.9348082845024307,True
330,0.9347839145706109,True
546,0.931293481862329,True
327,0.9290284353227705,True
297,0.9270745529771637,True
309,0.9249753171496095,True
285,0.9226404938844653,True
545,0.910702592131136,True
538,0.9042376306057204,True
530,0.9002608417470976,True
319,0.8998107367411524,True
528,0.8958342384753253,True
288,0.894568469624928,True
325,0.8935045821614792,True
549,0.8896582165028937,True
313,0.8818525099541125,True
307,0.8646045545915508,True
525,0.8584919201196168,True
315,0.8571441969424259,True
697,0.8468862371253175,True
301,0.841573721106346,True
526,0.8326838303098262,True
205,0.819240862504252,True
703,0.8145711428746087,True
662,0.7909022454794202,True
276,0.7872612512025958,True
550,0.7837774314899929,True
547,0.7718236429815498,True
706,0.7663485224135633,True
524,0.7650129048542359,True
553,0.7562000771528259,True
300,0.7378259699707027,True
289,0.7339354256632499,True
540,0.7165749577323282,True
534,0.7110585859092496,True
89,0.6517572939432361,True
678,0.6362526949345023,False
715,0.6210490596071219,True
541,0.6003734919418328,True
106,0.5920044831696927,True
383,0.5807251904318701,True
555,0.54279469980198,True
522,0.5370775627923753,True
299,0.5308126761138783,True
543,0.5267642573778266,True
554,0.5043985587343005,True
186,0.4992141799008293,True
275,0.4974501086877656,True
317,0.4854590474179473,True
209,0.47316987079102896,True
339,0.46746132250312405,True
312,0.4641517625960592,True
279,0.45280144644633136,True
682,0.4518338043814564,False
110,0.43586190350045523,False
685,0.40137041457636397,True
154,0.39239752551368023,True
449,0.3741538746146868,True
196,0.3671348400290589,True
474,0.36614961478245783,False
254,0.35402843642610865,False
323,0.34370496207209367,True
211,0.3255127919632664,False
521,0.3052782818738967,True
650,0.28157598711180176,False
320,0.2801025423894302,True
293,0.27305846474744583,False
688,0.2724228120568623,False
645,0.2685602036609877,True
663,0.2674118778073597,False
46,0.2521596446108943,False
415,0.2462024101792486,True
7,0.22370038801394362,False
675,0.21475036021132574,False
328,0.21243704129315502,False
551,0.20796588813962152,True
666,0.20546961669919062,True
305,0.20332306571091222,False
400,0.1991284511661732,False
507,0.1887222209209879,False
512,0.18728253679804235,False
146,0.1829621160501558,False
395,0.17339181933644976,False
687,0.17334333011508957,False
4,0.16995033082948463,False
284,0.1619922499396747,False
532,0.16033079600495823,True
388,0.1597572786801711,False
652,0.15612315782666142,False
624,0.15238427489114198,False
334,0.15196591526684722,True
311,0.14339702246179434,False
286,0.141333392180153,False
702,0.14124940857940158,False
337,0.1407886009251858,False
148,0.1397282205253095,False
340,0.13538267236905693,False
76,0.13044319467538001,False
668,0.1292296058926676,False
310,0.1276866911302455,False
503,0.12620357228481593,False
420,0.12525854837592043,False
399,0.12075924612660299,False
523,0.120227266376728,False
238,0.1189066890541768,False
318,0.11806299114711197,False
306,0.11662137158344808,False
694,0.11425420647349434,False
83,0.11255891326059388,False
444,0.11082691055309057,False
41,0.10761227993776985,False
585,0.10732641060285232,False
704,0.10693319891604468,False
583,0.10560137135249453,False
346,0.10459724194745508,False
44,0.10157296664410706,True
94,0.10058893825122635,False
314,0.09938653832537576,False
511,0.09828864627363863,False
679,0.09773067238055697,False
613,0.09692863959857775,False
119,0.09389370027396476,False
508,0.0933974901711284,False
515,0.09308688865281634,False
574,0.0930505714208897,False
326,0.09280672075182492,False
394,0.0924844236674395,False
370,0.09153553835613229,False
125,0.09117015422478122,False
412,0.09094720426626904,False
531,0.08831498971255648,False
108,0.08675699721519894,False
195,0.0866881961051437,False
563,0.08618718436051251,False
398,0.08533906882618812,False
595,0.08523179229969277,False
376,0.08495161313976164,False
56,0.0846373483811419,False
281,0.08394329156826023,False
680,0.08338583609551223,False
619,0.08278884189395654,False
80,0.08249051827259571,False
194,0.0824540011325732,False
322,0.08201398422723578,False
436,0.0817272792862058,False
350,0.08169449677511917,False
138,0.08151371480500878,False
597,0.08146082916086282,False
93,0.08093346313690987,False
270,0.08078351436262458,False
175,0.08004858112472765,False
362,0.07930497482165554,False
699,0.07890695779141112,False
520,0.0786507208374092,False
698,0.07772671225807147,False
677,0.07762635900080701,False
69,0.07726984684008985,False
243,0.0767750656705199,False
64,0.07646766135275032,False
109,0.07634777784795638,False
408,0.07558380644789783,False
60,0.07398318032119681,False
59,0.0736657983785472,False
143,0.07342656091639604,False
705,0.07333867101197837,False
271,0.07188799880341291,False
51,0.07188006250729759,False
161,0.07182482622169885,False
22,0.07048614421925173,False
463,0.07048614421925173,False
487,0.07027165486609245,False
140,0.06929195254803927,False
527,0.06928331005815516,False
101,0.06840932382833499,False
443,0.0663652759788935,False
384,0.06613676356941539,False
405,0.0645338135868334,False
173,0.06445825748250732,True
500,0.06432951739935037,False
599,0.06420937115010955,False
589,0.06393373654445779,False
713,0.06387039918137043,False
358,0.06381384801927947,False
234,0.06366260756616228,False
423,0.06210698358997618,False
48,0.061972707283705616,False
182,0.06179457491088964,True
401,0.06179457491088964,False
295,0.060680060172841825,False
303,0.0606702584087257,False
329,0.06034786593053822,False
193,0.05983521070044614,False
142,0.059749239110391754,False
506,0.05943128366843762,False
332,0.058698303530498507,False
236,0.058526668599556644,False
440,0.05851584594431579,False
23,0.05838285870891582,False
147,0.05836423707855558,False
177,0.0583467048939169,False
356,0.05779508185263983,False
614,0.057140881453580136,False
291,0.057075427645961754,False
18,0.05598193852348264,False
604,0.05585973186243596,False
255,0.055611556436186066,False
308,0.05552657020383709,False
16,0.055289940586162906,False
454,0.055210349783908375,False
586,0.05500734750931175,False
603,0.05498404144149352,False
21,0.05468788714091962,False
649,0.05457014866242586,False
223,0.05430164917681251,False
671,0.05428906428603112,False
665,0.05427988795813041,False
616,0.05356342765144361,False
137,0.05329886132707294,False
393,0.053187890891560986,False
242,0.05271895408245796,False
168,0.052502970889312855,False
266,0.05249361236650035,False
298,0.05238283584955593,True
97,0.05215614757757451,False
708,0.051575089214117985,False
389,0.05123864328637663,False
294,0.0501651444120284,False
658,0.05007756441702631,False
431,0.050012755738224696,False
321,0.049010579841591066,False
249,0.048932432035155314,False
273,0.04828487905376678,False
158,0.04817751020768375,False
693,0.048001087276538505,False
482,0.04798116352697558,False
220,0.047575058217164616,False
651,0.04695345779226947,False
562,0.046383789721318285,False
648,0.046263265615332665,False
118,0.04623617099265568,False
216,0.046213514267443315,False
445,0.046090267430810385,False
635,0.04591007956988181,False
460,0.04570244076494913,False
20,0.0449852573401865,False
565,0.04482030863609545,False
513,0.0444250023486927,False
30,0.04425936683306172,False
501,0.044043899857759736,False
467,0.04393210638759848,False
54,0.04361799062454672,False
386,0.043444683470690394,False
124,0.04332734175340603,False
407,0.042858272302008775,False
627,0.04236812869630818,False
637,0.04228673142798142,False
607,0.042008182982400485,False
567,0.0415848762627177,False
282,0.04147210946996385,False
432,0.041338431192215586,False
510,0.04100763574606664,False
347,0.04084677610466701,False
581,0.04066717399506155,False
470,0.04057118581172798,False
79,0.04052869364273791,False
612,0.040526080950010486,False
203,0.04047780550683352,False
456,0.040463915352491546,False
104,0.040463915352491546,False
131,0.040463915352491546,False
430,0.040422564141985674,False
448,0.04036633072772855,False
39,0.03986815169361606,False
117,0.03975360669791428,False
494,0.039683779985984234,False
639,0.039640660951493406,False
425,0.03942595746987613,False
647,0.03939992352324836,False
593,0.038998011086465764,True
480,0.03889487514980945,False
178,0.03885536675980291,False
709,0.03885307455490637,False
686,0.038830958730329,False
342,0.03862963280042276,False
378,0.038054263079298725,False
85,0.0378053029954019,False
100,0.03777318658138176,False
150,0.037450106787460954,False
381,0.037341547213303926,False
126,0.037123341853762926,False
491,0.03696516471205374,False
29,0.036864736327541434,False
684,0.03686224308685691,False
598,0.036833728920160784,False
623,0.03663305901500084,False
218,0.03658365073887412,False
435,0.036449727857150026,False
264,0.03642946911626998,False
452,0.036406330931224536,False
244,0.03633538085246138,False
592,0.03611562424531485,False
674,0.035989459054648114,False
8,0.03584557338906632,False
171,0.03528417910314948,False
157,0.035266637329547636,False
349,0.03517532860805246,False
159,0.03496423482817776,False
82,0.03494855295259205,False
659,0.034754058266154485,False
81,0.034685800151562,False
133,0.03463741855958921,False
375,0.034443038682305256,False
433,0.034306847147429154,False
134,0.03402288648998486,False
711,0.03400658308607699,False
136,0.03382784653627721,False
475,0.03380653127759286,False
287,0.033752984100544496,False
409,0.033649462353519344,False
664,0.03361188870394828,False
676,0.03361188870394828,False
379,0.033539266775767115,False
496,0.03331671171114689,False
237,0.03324257589869583,False
241,0.03285925932703784,False
481,0.03275863453165431,False
58,0.032613448241914554,False
199,0.03252547674047733,False
364,0.03243628438145022,False
278,0.03232405846878645,False
373,0.03231063687016311,False
166,0.03217081283838271,False
14,0.031776276456366756,False
477,0.03174482488829561,False
31,0.031525675627404416,False
483,0.031393903174894135,False
174,0.0309394579123869,False
19,0.030659684858109167,False
479,0.030446201661676317,False
367,0.03023329134609796,False
533,0.0301139026825436,True
42,0.03009526748046412,False
672,0.030026872760947426,False
656,0.02998907865382835,False
385,0.029973271493293308,False
596,0.029953765281433273,False
578,0.029943193337407883,False
47,0.02980885425995121,False
499,0.029587463388685953,False
257,0.029459915839249715,False
52,0.029400215834648986,False
230,0.029262763680031726,False
155,0.02924806252090426,False
207,0.029221901130815794,False
459,0.0292060877255919,False
225,0.029110633039434432,False
262,0.02903945662158466,False
351,0.029017347742382595,False
660,0.028795382432202,False
646,0.02879260045391722,False
268,0.028779274209331508,False
391,0.028750832176225392,False
231,0.028619110557199755,False
9,0.02854490287927999,False
49,0.028483311882508303,False
438,0.02793981965475949,False
283,0.027828702192788376,False
274,0.02782629436811911,False
397,0.02779385109999908,False
509,0.027677006043041272,False
192,0.027597199739000572,False
5,0.02757965498980358,False
673,0.027577911519731144,False
654,0.027496938163833095,False
365,0.027489316422878746,False
217,0.027319150381139592,False
669,0.027284622707566472,False
608,0.02728394381199513,False
453,0.02722613950414509,False
606,0.0271991222520533,False
36,0.02712379662026973,False
250,0.026901327812448778,False
87,0.02681086947981321,False
617,0.026797547263235473,False
575,0.026747891727475978,False
15,0.026725904776980572,False
103,0.02661013308226765,False
45,0.02643082612301181,False
636,0.02637172281659154,False
626,0.026280960129685903,False
490,0.02612533594303624,False
331,0.02610545503496651,True
267,0.02610186643475595,False
493,0.026089266605980415,False
447,0.026054593567027825,False
516,0.025953903068336084,False
3,0.02591217144562059,False
197,0.02580610811597968,False
111,0.025736293909724577,False
457,0.025595784530505507,False
26,0.025564717578310817,False
121,0.025518231601566153,False
564,0.025496310223316537,False
188,0.02542334475527885,False
681,0.025414362142724658,False
190,0.02529070626316554,False
77,0.025251275441918984,False
92,0.025233889130940625,False
602,0.025140570842693402,False
717,0.02503991404532226,False
610,0.025000344217084018,False
570,0.024988656088010822,False
208,0.024935761427711037,False
252,0.024909738068992437,False
419,0.024845074616302535,False
413,0.024844544744447777,False
28,0.024673725529926895,False
632,0.024595261829537175,False
292,0.024555626501023855,False
353,0.024522688188894023,False
67,0.02448210145889408,False
573,0.024209860939783,False
489,0.024178645094886052,False
206,0.024097859623519333,False
91,0.023973850073974044,False
233,0.02380318154144188,False
716,0.023734744754581646,False
587,0.023706047148950058,False
132,0.02368137282571774,False
418,0.02367846452878036,False
700,0.023542605677162223,False
628,0.02352486203091545,False
427,0.023400118646497662,True
343,0.023366295039858164,False
519,0.023343241870981947,True
620,0.023151985131385385,False
579,0.02314092446310625,False
471,0.023111560017912477,False
269,0.02300383294078679,False
153,0.022948523466391025,False
38,0.022929584067852973,False
33,0.022905684861086222,False
200,0.022898625179493926,False
387,0.022776749472309215,False
588,0.02274273979515258,False
123,0.022725380145151266,False
458,0.022702491930064815,False
55,0.022675976723115315,False
78,0.02260812055749279,False
594,0.022564034599540744,False
421,0.022564034599540744,False
502,0.02250836411193883,False
363,0.022506155249944745,False
441,0.02245241259935594,False
304,0.022377417695898422,False
160,0.022348867118094137,False
222,0.022176036621137724,False
139,0.021817697688739843,False
280,0.02181158918796756,False
638,0.02180618784613548,False
478,0.02169752369787189,False
450,0.021680832917041305,False
653,0.021680832917041305,False
290,0.021498481045352024,False
183,0.02136406776319788,False
572,0.021352709334570938,False
462,0.021296529106676863,False
640,0.021255150391710737,False
235,0.02120851923305892,False
689,0.021193009391605684,False
571,0.021191481328533098,False
357,0.021071427151324686,False
253,0.021039583345546443,False
492,0.020984472952671026,False
577,0.020984472952671026,False
185,0.020984472952671026,False
72,0.02076637682593519,False
406,0.02075451649928877,False
631,0.020696538639685097,False
359,0.020585750161443147,False
204,0.02050310984002305,False
149,0.020400174781939485,False
488,0.020385089671770922,False
128,0.020385089671770922,False
720,0.02031450976817585,False
12,0.02019367743543819,False
228,0.020132824795193523,False
10,0.020132824795193523,False
165,0.019587740149633152,False
601,0.019504351997855378,False
377,0.019492188945274352,False
568,0.01933281464099661,False
560,0.01916908689979585,False
71,0.01891977601585732,False
368,0.01887381825258356,False
718,0.018755144351444465,False
170,0.018748234402657826,False
630,0.018720196770532917,False
695,0.018622440875693796,False
189,0.018613793966080122,False
643,0.018611139820412424,False
27,0.018582045656576975,False
486,0.018518930105135587,False
361,0.018516793684737992,False
11,0.018342935064742317,False
600,0.018284302503574816,False
402,0.01822559686952501,False
263,0.01818428714248401,False
369,0.018102357820195696,False
151,0.018102357820195696,False
324,0.018082963803489577,False
256,0.017973831002135177,False
261,0.017853102099113057,False
566,0.01771603809542708,False
655,0.017460581124240822,False
611,0.017438407938658616,False
181,0.01729861899312608,False
505,0.017185989071426266,False
615,0.017162560568772873,False
112,0.017019292602347157,False
344,0.017011533371208403,False
152,0.01690186796901282,False
98,0.016848570363725553,False
144,0.016811069051058575,False
73,0.016757223866713005,False
90,0.01669640900296899,False
75,0.01664874380770466,False
61,0.016630382819276597,False
354,0.016600182376703233,False
239,0.016561836530641572,False
417,0.01654048722906126,False
260,0.016470247835692987,False
622,0.016470134609456354,False
584,0.016355188795594153,False
576,0.016246793682826485,False
25,0.016167911562963617,False
518,0.016132803695136668,False
605,0.016047918034906586,False
629,0.015980115583420492,False
156,0.015957649688397087,False
582,0.01586771797005758,False
277,0.015839575679404316,False
667,0.0158026481467701,False
661,0.015581823063454901,False
167,0.015459627823953425,False
517,0.015431520085734977,False
102,0.01542811977753572,False
657,0.01534309082617283,False
696,0.015293016240372168,False
372,0.015286624188278058,False
272,0.014965063962666822,False
428,0.014769941096674297,False
609,0.014750614612326138,False
442,0.014747342312363278,False
504,0.01467018744597694,False
191,0.014592406748940958,False
247,0.014550216318183106,False
414,0.014459459418235565,False
690,0.014456256337447118,False
201,0.014381364668156716,False
65,0.014198553774218269,False
86,0.014174191268759725,False
710,0.014147216881671282,False
455,0.014120490399521016,False
390,0.014085076300007002,False
226,0.014055098615676843,False
116,0.014047581169749501,False
164,0.014006972614853645,False
392,0.013998332163960115,False
404,0.013856856734324526,False
374,0.01379463939749082,False
633,0.013697800388197446,False
221,0.013697800388197446,False
719,0.013630875090324925,False
240,0.013623449372555085,False
210,0.013623449372555085,False
355,0.013617010920428706,False
122,0.013563143512769353,False
37,0.0135513887442028,False
707,0.013508258136450008,False
590,0.013495740616249682,False
621,0.013440015001071573,False
13,0.013358326434971736,False
352,0.013339861702154739,False
129,0.013323384690964977,False
258,0.013289998216707469,False
265,0.01327141004253785,False
17,0.013245374250730073,False
130,0.013196698594678277,False
434,0.013163408521707071,False
403,0.013096087743810958,False
213,0.013085515150692797,False
561,0.013067559303941245,False
424,0.013067559303941245,False
32,0.013060392178087151,False
416,0.013051989840229518,False
341,0.012976732821872686,False
618,0.012836575072027463,False
70,0.012788803649393091,False
446,0.012739602563959073,False
120,0.012735538954662722,False
714,0.01266165256636522,False
465,0.012657028599616468,False
670,0.012606840314279352,False
461,0.012516330763342702,False
476,0.012432898000921842,False
40,0.012401341040438128,False
219,0.012331255950121677,False
259,0.012317162744506697,False
451,0.012265077478268556,False
43,0.012231717242915446,False
497,0.012185723985557513,False
683,0.01217885201706541,False
62,0.012161227530481154,False
113,0.012143593654655845,False
625,0.012131419302398541,False
498,0.01189946134334222,False
74,0.011865745992562815,False
472,0.011860306605625124,False
701,0.011854980618937836,False
296,0.011840609763465302,False
569,0.011840323630893464,False
53,0.011794705541248281,False
232,0.011771568989422212,False
591,0.0117485428664399,False
410,0.011669313097892375,False
212,0.01166333975007604,False
84,0.011519433411153414,False
187,0.01123636887306072,False
227,0.011054495076620782,False
99,0.01104013038387205,False
411,0.010972585582201638,False
180,0.010951251939900885,False
24,0.010938576130406687,False
380,0.01089652585536274,False
580,0.010753717952253689,False
641,0.01069727757187437,False
50,0.01049028144911204,False
169,0.010441268253410966,False
514,0.010340030465819924,False
105,0.010315390759026044,False
692,0.01028916615184654,False
135,0.01027581235369625,False
422,0.010173407254176477,False
163,0.010076251636308226,False
360,0.010035580052107824,False
366,0.010016371373554933,False
114,0.009939982674284783,False
115,0.009756532686082158,False
198,0.009748209566668596,False
162,0.009728320699660689,False
202,0.009720505121632056,False
2,0.009704092010386148,False
426,0.009569410914469754,False
348,0.00955083246504451,False
1,0.009534703088309986,False
495,0.009455631579734504,False
464,0.009455631579734504,False
473,0.009443951738664589,False
95,0.009415880677313018,False
396,0.009369282170350737,False
96,0.009317452107648352,False
634,0.00931158661624565,False
485,0.009300753772906938,False
712,0.009145716073527864,False
34,0.009031084955775114,False
691,0.009005231055884844,False
145,0.008932748336532452,False
224,0.008739093589086326,False
371,0.008643665225349555,False
176,0.00854366386307827,False
35,0.00854366386307827,False
245,0.00854366386307827,False
484,0.008473060796458992,False
179,0.008443626633001137,False
251,0.008142593349379659,False
466,0.008063563632053579,False
382,0.008027274528641198,False
6,0.008010498099350569,False
644,0.007957793494125096,False
88,0.00785518841475691,False
469,0.00780939185840561,False
184,0.00765653673697169,False
437,0.0076157330469469155,False
229,0.00741850856578912,False
345,0.007405229667850753,False
107,0.00739287642345847,False
468,0.007382264019529349,False
57,0.007377614559645595,False
246,0.007009512489986258,False
439,0.006854478374519644,False
66,0.006854478374519644,False
172,0.006726354655902418,False
68,0.006716970753061489,False
642,0.006390987119040397,False
429,0.006389843041601524,False
214,0.006042307907006652,False
215,0.006038022970150776,False
127,0.0054577160355676075,False
63,0.005221398803301297,False
141,0.004203596764343312,False
248,0.002609661744698188,False
