Station_ID,Station_Number,Process_Area,Operation,Sensor_Coverage,Avg_Cycle_Time,P95_Cycle_Time,Avg_Telemetry_Confidence,Missing_Telemetry_Rate,Bottleneck_Alert_Count,Max_Cycle_Z,Total_Projected_Delay_Minutes,Failure_Event_Count,MTBF_Hours
ST-45,45,Final Assembly,Interior fit,modern,86.27157222222222,110.57564999999997,0.9339555555555555,0.07555555555555556,60,19.816164730860486,1274.3415333333332,32,4.142123655913978
ST-15,15,Body,Roof laser weld,modern,72.60008222222223,79.50874999999999,0.9338666666666665,0.07666666666666666,58,4.39945934852392,329.1527833333332,15,7.485575396825396
ST-19,19,Paint,E-coat inspection,manual_check,90.00983333333333,94.7336,0.22,1.0,28,3.090912621359237,128.82505000000012,22,5.2972222222222225
ST-26,26,Paint,Primer booth,manual_check,98.59747555555556,103.5713,0.22,1.0,27,3.4253881338212175,109.99476666666676,19,7.131944444444445
ST-29,29,Final Assembly,ADAS calibration,modern,65.62709777777778,70.7451,0.9343999999999999,0.07,24,3.4970264870193875,115.00428333333339,17,8.087899305555556
ST-23,23,Paint,Clearcoat booth,modern,83.06493666666667,87.7942,0.9349333333333333,0.06333333333333334,23,3.1733409461663973,119.84940000000002,18,7.554133986928104
ST-38,38,Final Assembly,Battery connect,manual_check,69.60736,74.28425,0.22,1.0,21,3.37196154869612,95.73195000000001,20,6.791330409356725
ST-31,31,Final Assembly,Powertrain marriage,modern,67.66400777777777,72.54225,0.9343999999999999,0.07,21,2.811859898610835,99.99414999999999,17,7.016545138888889
ST-12,12,Body,Seam sealing prep,modern,65.51944111111112,70.1807,0.9331555555555555,0.08555555555555555,20,3.3973574885221596,89.49478333333334,16,7.939814814814815
ST-25,25,Paint,E-coat inspection,partial,94.60240333333333,99.6616,0.6127111111111111,0.8411111111111111,20,3.149456830057234,88.98798333333333,16,8.0565
ST-22,22,Paint,Basecoat booth,modern,98.80744888888889,103.6675,0.9339555555555555,0.07555555555555556,17,4.372949476439797,89.41893333333337,15,9.124603174603175
ST-28,28,Paint,Basecoat booth,legacy,85.75444444444445,90.7761,0.36,1.0,16,3.7514127530643147,94.69271666666673,12,7.274570707070707
ST-10,10,Body,Door fit check,partial,62.32952777777778,67.0955,0.6141333333333333,0.8233333333333334,16,3.2094130804077063,60.91460000000002,16,8.5585
ST-36,36,Final Assembly,End-of-line quality,manual_check,74.44798111111112,79.13445,0.22,1.0,16,2.937604258634125,86.5363666666667,16,7.011166666666667
ST-42,42,Final Assembly,End-of-line quality,modern,73.42701333333333,78.37425,0.9326222222222221,0.09222222222222222,15,4.100440321027289,73.25455,15,9.113452380952381
ST-27,27,Paint,Oven cure,legacy,92.01456222222222,96.9652,0.36,1.0,14,3.818116688741711,83.21239999999995,11,10.454444444444444
ST-08,8,Body,Side-frame marriage,partial,61.95067888888889,66.38405,0.6137777777777778,0.8277777777777777,14,3.3953338952100025,60.7559333333333,12,9.501969696969697
ST-41,41,Final Assembly,ADAS calibration,partial,77.00197,81.68204999999999,0.612,0.85,14,3.184291787570004,55.68941666666667,13,10.805486111111112
ST-09,9,Body,Roof laser weld,partial,63.51743555555556,68.13775,0.6134222222222223,0.8322222222222222,14,3.003042225730064,66.21264999999998,14,9.305918803418804
ST-39,39,Final Assembly,Interior fit,manual_check,59.27970111111111,64.0907,0.22,1.0,14,2.9114670174779187,65.01851666666666,14,9.93395299145299
ST-24,24,Paint,Paint quality gate,legacy,77.73867888888888,82.7032,0.36,1.0,13,3.447492249792687,60.34514999999997,8,17.33119047619048
ST-20,20,Paint,Primer booth,partial,93.67471555555557,98.50255,0.6130666666666666,0.8366666666666667,13,3.1655332787607904,66.86483333333334,12,11.773585858585857
ST-17,17,Paint,Clearcoat booth,legacy,80.64520222222222,85.26424999999999,0.36,1.0,13,2.982391132012091,75.79456666666665,11,8.826666666666666
ST-30,30,Final Assembly,End-of-line quality,modern,74.13087666666667,78.66279999999999,0.9334222222222222,0.08222222222222222,13,2.9746053702196797,55.54776666666668,12,11.781818181818181
ST-32,32,Final Assembly,Battery connect,modern,80.30168111111112,85.1683,0.9351999999999999,0.06,12,3.605992425701263,49.09016666666663,10,14.291728395061728
ST-04,4,Body,Door fit check,partial,72.71673222222222,77.19879999999999,0.6133333333333333,0.8333333333333334,12,3.2044074999999967,52.63323333333336,12,10.207146464646465
ST-02,2,Body,Side-frame marriage,partial,67.14137444444445,71.77615,0.6155555555555555,0.8055555555555556,12,2.931875689689557,38.3581166666667,12,11.609040404040405
ST-05,5,Body,Dimensional clamp,modern,67.56694555555555,72.181,0.9337777777777777,0.07777777777777778,12,2.830136363636366,45.43856666666662,12,11.66929292929293
ST-03,3,Body,Roof laser weld,manual_check,62.37586888888889,67.1283,0.22,1.0,12,2.605603832732001,32.786149999999985,11,10.510250000000001
ST-14,14,Body,Side-frame marriage,partial,66.64520222222222,71.1594,0.6141333333333333,0.8233333333333334,11,3.2798075557809305,44.648849999999975,11,11.09625
ST-16,16,Body,Door fit check,partial,56.01135333333333,60.802099999999996,0.6147555555555555,0.8155555555555556,11,3.1546650306748427,42.902783333333346,10,13.321882716049384
ST-11,11,Body,Dimensional clamp,partial,63.54990111111111,68.45475,0.6144888888888889,0.8188888888888889,11,3.095975404445624,50.68514999999998,9,14.027986111111112
ST-07,7,Body,Underbody weld,modern,55.87018222222222,60.293949999999995,0.9336888888888888,0.07888888888888888,11,2.990156481544426,52.11936666666667,10,12.444506172839505
ST-18,18,Paint,Paint quality gate,partial,82.96338666666666,87.7089,0.6150222222222222,0.8122222222222222,11,2.9848382587369726,75.14488333333341,8,10.305277777777778
ST-21,21,Paint,Oven cure,modern,78.56060333333333,83.38404999999999,0.9341333333333333,0.07333333333333333,10,3.7388945436446264,60.036150000000035,9,7.124583333333334
ST-01,1,Body,Underbody weld,partial,60.34500888888889,64.9653,0.6124444444444445,0.8444444444444444,10,3.490298001052086,50.71813333333336,8,18.48857142857143
ST-35,35,Final Assembly,ADAS calibration,partial,70.25718222222223,75.21005,0.6150222222222222,0.8122222222222222,9,2.7487558228819986,41.42294999999996,9,15.061875
ST-34,34,Final Assembly,Wheel torque,legacy,70.88698444444445,75.41095,0.36,1.0,8,3.572124310455424,34.16846666666664,8,11.54861111111111
ST-13,13,Body,Underbody weld,legacy,57.178851111111115,61.85894999999999,0.36,1.0,8,3.3857666991236597,44.02384999999999,8,17.054126984126984
ST-33,33,Final Assembly,Interior fit,legacy,73.85517777777778,78.39104999999999,0.36,1.0,7,3.0056959208899796,30.58956666666664,6,14.645666666666667
ST-37,37,Final Assembly,Powertrain marriage,legacy,66.35702444444445,71.09779999999999,0.36,1.0,6,3.213054054054052,27.332066666666694,6,14.304555555555556
ST-43,43,Final Assembly,Powertrain marriage,legacy,71.75905666666667,76.5475,0.36,1.0,6,3.1464019432370343,19.776183333333346,6,17.71622222222222
ST-44,44,Final Assembly,Battery connect,legacy,61.73862555555556,66.6094,0.36,1.0,5,3.160260009055047,30.009800000000002,5,12.04625
ST-40,40,Final Assembly,Wheel torque,legacy,76.44294444444444,81.0297,0.36,1.0,4,3.337412373737378,18.04245000000001,4,37.013148148148154
ST-06,6,Body,Seam sealing prep,legacy,59.72835666666667,64.3612,0.36,1.0,4,3.097254806104247,23.67321666666667,4,43.08046296296296
